Plug,Spat,Sample,Polyps,Cohort,Temperature,Nutrition,Treatment,Tank,ScanDate,Slice,Position,Tissue,Thickness,Notes
A083,a,A083a,4,20170609,Ambient,Heterotrophy,AH,18,20171212,1,0.42,Polyp,890.92,
A083,a,A083a,4,20170609,Ambient,Heterotrophy,AH,18,20171212,1,0.42,Polyp,839.13,
A083,a,A083a,4,20170609,Ambient,Heterotrophy,AH,18,20171212,1,0.42,Connecting,423.49,
A083,a,A083a,4,20170609,Ambient,Heterotrophy,AH,18,20171212,1,0.42,Connecting,404.96,
A083,a,A083a,4,20170609,Ambient,Heterotrophy,AH,18,20171212,1,0.42,Connecting,350.44,
A083,a,A083a,4,20170609,Ambient,Heterotrophy,AH,18,20171212,2,0.05,Polyp,814.6,
A083,a,A083a,4,20170609,Ambient,Heterotrophy,AH,18,20171212,2,0.05,Polyp,738.51,
A083,a,A083a,4,20170609,Ambient,Heterotrophy,AH,18,20171212,2,0.05,Polyp,820.01,
A083,a,A083a,4,20170609,Ambient,Heterotrophy,AH,18,20171212,2,0.05,Connecting,589.78,
A083,a,A083a,4,20170609,Ambient,Heterotrophy,AH,18,20171212,2,0.05,Connecting,527.52,
A083,a,A083a,4,20170609,Ambient,Heterotrophy,AH,18,20171212,3,-0.33,Polyp,914.02,
A083,a,A083a,4,20170609,Ambient,Heterotrophy,AH,18,20171212,3,-0.33,Connecting,532.23,
A083,a,A083a,4,20170609,Ambient,Heterotrophy,AH,18,20171212,3,-0.33,Connecting,492.81,
A083,b,A083b,6,20170609,Ambient,Heterotrophy,AH,18,20171212,1,-0.42,Polyp,965.97,
A083,b,A083b,6,20170609,Ambient,Heterotrophy,AH,18,20171212,1,-0.42,Polyp,648.29,
A083,b,A083b,6,20170609,Ambient,Heterotrophy,AH,18,20171212,1,-0.42,Connecting,585.66,
A083,b,A083b,6,20170609,Ambient,Heterotrophy,AH,18,20171212,1,-0.42,Connecting,62.94,
A083,b,A083b,6,20170609,Ambient,Heterotrophy,AH,18,20171212,2,-0.09,Polyp,890.35,
A083,b,A083b,6,20170609,Ambient,Heterotrophy,AH,18,20171212,2,-0.09,Polyp,1144.62,
A083,b,A083b,6,20170609,Ambient,Heterotrophy,AH,18,20171212,2,-0.09,Connecting,396.92,
A083,b,A083b,6,20170609,Ambient,Heterotrophy,AH,18,20171212,2,-0.09,Connecting,46.24,
A083,b,A083b,6,20170609,Ambient,Heterotrophy,AH,18,20171212,2,-0.09,Connecting,579.21,
A083,b,A083b,6,20170609,Ambient,Heterotrophy,AH,18,20171212,3,-0.19,Polyp,1083.39,
A083,b,A083b,6,20170609,Ambient,Heterotrophy,AH,18,20171212,3,-0.19,Polyp,1071.98,
A083,b,A083b,6,20170609,Ambient,Heterotrophy,AH,18,20171212,3,-0.19,Connecting,523.55,
A083,b,A083b,6,20170609,Ambient,Heterotrophy,AH,18,20171212,3,-0.19,Connecting,637.64,
A083,c,A083c,3,20170609,Ambient,Heterotrophy,AH,18,20171212,1,0.27,Polyp,608.71,
A083,c,A083c,3,20170609,Ambient,Heterotrophy,AH,18,20171212,1,0.27,Polyp,794.82,
A083,c,A083c,3,20170609,Ambient,Heterotrophy,AH,18,20171212,1,0.27,Connecting,348.57,
A083,c,A083c,3,20170609,Ambient,Heterotrophy,AH,18,20171212,1,0.27,Connecting,531.66,
A083,c,A083c,3,20170609,Ambient,Heterotrophy,AH,18,20171212,1,0.27,Connecting,470.99,
A083,c,A083c,3,20170609,Ambient,Heterotrophy,AH,18,20171212,2,-0.1,Polyp,816.18,
A083,c,A083c,3,20170609,Ambient,Heterotrophy,AH,18,20171212,2,-0.1,Connecting,457,
A083,c,A083c,3,20170609,Ambient,Heterotrophy,AH,18,20171212,2,-0.1,Connecting,496.6,
A084,a,A084a,3,20170609,Ambient,Heterotrophy,AH,18,20171110,1,0.07,Polyp,808.85,
A084,a,A084a,3,20170609,Ambient,Heterotrophy,AH,18,20171110,1,0.07,Polyp,651.77,
A084,a,A084a,3,20170609,Ambient,Heterotrophy,AH,18,20171110,1,0.07,Connecting,247.48,
A084,a,A084a,3,20170609,Ambient,Heterotrophy,AH,18,20171110,1,0.07,Connecting,190.46,
A084,a,A084a,3,20170609,Ambient,Heterotrophy,AH,18,20171110,2,0.41,Polyp,885.25,
A084,a,A084a,3,20170609,Ambient,Heterotrophy,AH,18,20171110,2,0.41,Polyp,800.9,
A084,a,A084a,3,20170609,Ambient,Heterotrophy,AH,18,20171110,2,0.41,Connecting,321.85,
A084,a,A084a,3,20170609,Ambient,Heterotrophy,AH,18,20171110,2,0.41,Connecting,272.68,
A084,a,A084a,3,20170609,Ambient,Heterotrophy,AH,18,20171110,2,0.41,Connecting,205.38,
A084,b,A084b,4,20170609,Ambient,Heterotrophy,AH,18,20171110,1,0.47,Polyp,808.74,
A084,b,A084b,4,20170609,Ambient,Heterotrophy,AH,18,20171110,1,0.47,Polyp,793.04,
A084,b,A084b,4,20170609,Ambient,Heterotrophy,AH,18,20171110,1,0.47,Connecting,402.4,
A084,b,A084b,4,20170609,Ambient,Heterotrophy,AH,18,20171110,1,0.47,Connecting,488.8,
A084,b,A084b,4,20170609,Ambient,Heterotrophy,AH,18,20171110,1,0.47,Connecting,331.81,
A084,b,A084b,4,20170609,Ambient,Heterotrophy,AH,18,20171110,2,0.06,Polyp,685.2,
A084,b,A084b,4,20170609,Ambient,Heterotrophy,AH,18,20171110,2,0.06,Polyp,877.64,
A084,b,A084b,4,20170609,Ambient,Heterotrophy,AH,18,20171110,2,0.06,Connecting,493.89,
A084,b,A084b,4,20170609,Ambient,Heterotrophy,AH,18,20171110,2,0.06,Connecting,377.83,
A084,b,A084b,4,20170609,Ambient,Heterotrophy,AH,18,20171212,2,0.06,Connecting,382.27,
A084,b,A084b,4,20170609,Ambient,Heterotrophy,AH,18,20171212,3,-0.16,Connecting,473.38,
A084,b,A084b,4,20170609,Ambient,Heterotrophy,AH,18,20171212,3,-0.16,Connecting,328.69,
A084,b,A084b,4,20170609,Ambient,Heterotrophy,AH,18,20171212,3,-0.16,Connecting,308.61,
A084,b,A084b,4,20170609,Ambient,Heterotrophy,AH,18,20171212,3,-0.16,Connecting,331.81,
A084,c,A084c,8,20170609,Ambient,Heterotrophy,AH,18,20171110,1,0.28,Polyp,1047.54,
A084,c,A084c,8,20170609,Ambient,Heterotrophy,AH,18,20171110,1,0.28,Polyp,1013.89,
A084,c,A084c,8,20170609,Ambient,Heterotrophy,AH,18,20171110,1,0.28,Connecting,526.68,
A084,c,A084c,8,20170609,Ambient,Heterotrophy,AH,18,20171110,1,0.28,Connecting,709.8,
A084,c,A084c,8,20170609,Ambient,Heterotrophy,AH,18,20171110,2,-0.05,Connecting,849.68,
A084,c,A084c,8,20170609,Ambient,Heterotrophy,AH,18,20171110,2,-0.05,Connecting,661.96,
A084,c,A084c,8,20170609,Ambient,Heterotrophy,AH,18,20171110,3,-0.41,Polyp,885.4,
A084,c,A084c,8,20170609,Ambient,Heterotrophy,AH,18,20171110,3,-0.41,Polyp,963.51,
A084,c,A084c,8,20170609,Ambient,Heterotrophy,AH,18,20171110,3,-0.41,Connecting,629.76,
A084,d,A084d,1,20170609,Ambient,Heterotrophy,AH,18,20171110,1,0.08,Polyp,1016.42,
A084,d,A084d,1,20170609,Ambient,Heterotrophy,AH,18,20171110,1,0.08,Polyp,745.82,
A084,d,A084d,1,20170609,Ambient,Heterotrophy,AH,18,20171110,1,0.08,Connecting,454.6,
A110,a,A110a,6,20170609,Ambient,Heterotrophy,AH,14,20171212,1,0.27,Polyp,931.09,
A110,a,A110a,6,20170609,Ambient,Heterotrophy,AH,14,20171212,1,0.27,Polyp,721.53,
A110,a,A110a,6,20170609,Ambient,Heterotrophy,AH,14,20171212,1,0.27,Connecting,401.9,
A110,a,A110a,6,20170609,Ambient,Heterotrophy,AH,14,20171212,1,0.27,Connecting,485.77,
A110,a,A110a,6,20170609,Ambient,Heterotrophy,AH,14,20171212,1,0.27,Connecting,465.87,
A110,a,A110a,6,20170609,Ambient,Heterotrophy,AH,14,20171212,2,0.04,Polyp,989.52,
A110,a,A110a,6,20170609,Ambient,Heterotrophy,AH,14,20171212,2,0.04,Polyp,398.91,
A110,a,A110a,6,20170609,Ambient,Heterotrophy,AH,14,20171212,2,0.04,Polyp,916.96,
A110,a,A110a,6,20170609,Ambient,Heterotrophy,AH,14,20171212,2,0.04,Polyp,716.57,
A110,a,A110a,6,20170609,Ambient,Heterotrophy,AH,14,20171212,2,0.04,Connecting,424.05,
A110,a,A110a,6,20170609,Ambient,Heterotrophy,AH,14,20171212,2,0.04,Connecting,221.33,
A110,a,A110a,6,20170609,Ambient,Heterotrophy,AH,14,20171212,2,0.04,Connecting,383.84,
A110,a,A110a,6,20170609,Ambient,Heterotrophy,AH,14,20171212,3,-0.34,Polyp,829.71,
A110,a,A110a,6,20170609,Ambient,Heterotrophy,AH,14,20171212,3,-0.34,Connecting,546.51,
A110,a,A110a,6,20170609,Ambient,Heterotrophy,AH,14,20171212,3,-0.34,Connecting,456.18,
A110,a,A110a,6,20170609,Ambient,Heterotrophy,AH,14,20171212,3,-0.34,Connecting,196.07,
A110,a,A110a,6,20170609,Ambient,Heterotrophy,AH,14,20171212,3,-0.34,Connecting,397.38,
A110,b,A110b,8,20170609,Ambient,Heterotrophy,AH,14,20171212,1,-0.46,Polyp,1093.06,
A110,b,A110b,8,20170609,Ambient,Heterotrophy,AH,14,20171212,1,-0.46,Polyp,656.02,
A110,b,A110b,8,20170609,Ambient,Heterotrophy,AH,14,20171212,1,-0.46,Connecting,649.46,
A110,b,A110b,8,20170609,Ambient,Heterotrophy,AH,14,20171212,1,-0.46,Connecting,613.98,
A110,b,A110b,8,20170609,Ambient,Heterotrophy,AH,14,20171212,1,-0.46,Connecting,743.28,
A110,b,A110b,8,20170609,Ambient,Heterotrophy,AH,14,20171212,2,-0.21,Polyp,131.62,
A110,b,A110b,8,20170609,Ambient,Heterotrophy,AH,14,20171212,2,-0.21,Polyp,844.54,
A110,b,A110b,8,20170609,Ambient,Heterotrophy,AH,14,20171212,2,-0.21,Polyp,1048.35,
A110,b,A110b,8,20170609,Ambient,Heterotrophy,AH,14,20171212,2,-0.21,Connecting,522.73,
A110,b,A110b,8,20170609,Ambient,Heterotrophy,AH,14,20171212,2,-0.21,Connecting,381.24,
A110,b,A110b,8,20170609,Ambient,Heterotrophy,AH,14,20171212,2,-0.21,Connecting,827,
A110,b,A110b,8,20170609,Ambient,Heterotrophy,AH,14,20171212,3,0.29,Polyp,1235.13,
A110,b,A110b,8,20170609,Ambient,Heterotrophy,AH,14,20171212,3,0.29,Polyp,825.24,
A110,b,A110b,8,20170609,Ambient,Heterotrophy,AH,14,20171212,3,0.29,Connecting,894.96,
A110,b,A110b,8,20170609,Ambient,Heterotrophy,AH,14,20171212,3,0.29,Connecting,671.54,
A110,c,A110c,10,20170609,Ambient,Heterotrophy,AH,14,20171212,1,0.52,Polyp,858.15,
A110,c,A110c,10,20170609,Ambient,Heterotrophy,AH,14,20171212,1,0.52,Polyp,820.38,
A110,c,A110c,10,20170609,Ambient,Heterotrophy,AH,14,20171212,1,0.52,Polyp,751.42,
A110,c,A110c,10,20170609,Ambient,Heterotrophy,AH,14,20171212,1,0.52,Connecting,817.27,
A110,c,A110c,10,20170609,Ambient,Heterotrophy,AH,14,20171212,1,0.52,Connecting,668.85,
A110,c,A110c,10,20170609,Ambient,Heterotrophy,AH,14,20171212,1,0.52,Connecting,688.98,
A110,c,A110c,10,20170609,Ambient,Heterotrophy,AH,14,20171212,2,0.02,Polyp,918.64,
A110,c,A110c,10,20170609,Ambient,Heterotrophy,AH,14,20171212,2,0.02,Polyp,997.95,
A110,c,A110c,10,20170609,Ambient,Heterotrophy,AH,14,20171212,2,0.02,Connecting,701.87,
A110,c,A110c,10,20170609,Ambient,Heterotrophy,AH,14,20171212,2,0.02,Connecting,866.12,
A110,c,A110c,10,20170609,Ambient,Heterotrophy,AH,14,20171212,2,0.02,Connecting,928.8,
A110,c,A110c,10,20170609,Ambient,Heterotrophy,AH,14,20171212,3,-0.17,Polyp,964.39,
A110,c,A110c,10,20170609,Ambient,Heterotrophy,AH,14,20171212,3,-0.17,Polyp,877.18,
A110,c,A110c,10,20170609,Ambient,Heterotrophy,AH,14,20171212,3,-0.17,Connecting,920.16,
A110,c,A110c,10,20170609,Ambient,Heterotrophy,AH,14,20171212,3,-0.17,Connecting,1179.43,
A110,c,A110c,10,20170609,Ambient,Heterotrophy,AH,14,20171212,3,-0.17,Connecting,654.48,
A113,a,A113a,2,20170609,Ambient,Heterotrophy,AH,14,20171212,1,0.05,Polyp,870.53,
A113,a,A113a,2,20170609,Ambient,Heterotrophy,AH,14,20171212,1,0.05,Polyp,1022.51,
A113,a,A113a,2,20170609,Ambient,Heterotrophy,AH,14,20171212,1,0.05,Connecting,766.79,
A113,a,A113a,2,20170609,Ambient,Heterotrophy,AH,14,20171212,1,0.05,Connecting,483.93,
A113,a,A113a,2,20170609,Ambient,Heterotrophy,AH,14,20171212,1,0.05,Connecting,748.3,
A113,a,A113a,2,20170609,Ambient,Heterotrophy,AH,14,20171212,2,0.4,Connecting,629.29,
A113,a,A113a,2,20170609,Ambient,Heterotrophy,AH,14,20171212,2,0.4,Connecting,767.48,
A113,a,A113a,2,20170609,Ambient,Heterotrophy,AH,14,20171212,2,0.4,Connecting,494.19,
A113,a,A113a,2,20170609,Ambient,Heterotrophy,AH,14,20171212,2,0.4,Connecting,268.11,
A113,c,A113c,1,20170609,Ambient,Heterotrophy,AH,14,20171212,1,0.33,Connecting,420.11,
A113,c,A113c,1,20170609,Ambient,Heterotrophy,AH,14,20171212,1,0.33,Connecting,425.26,
A113,c,A113c,1,20170609,Ambient,Heterotrophy,AH,14,20171212,1,0.33,Connecting,456.46,
A113,c,A113c,1,20170609,Ambient,Heterotrophy,AH,14,20171212,2,0.04,Polyp,1011.07,
A113,c,A113c,1,20170609,Ambient,Heterotrophy,AH,14,20171212,2,0.04,Polyp,978.78,
A113,c,A113c,1,20170609,Ambient,Heterotrophy,AH,14,20171212,2,0.04,Connecting,634.98,
A113,c,A113c,1,20170609,Ambient,Heterotrophy,AH,14,20171212,2,0.04,Connecting,352.43,
A113,c,A113c,1,20170609,Ambient,Heterotrophy,AH,14,20171212,2,0.04,Connecting,489.91,
A113,d,A113d,1,20170609,Ambient,Heterotrophy,AH,14,20171212,1,-0.08,Polyp,819.64,
A113,d,A113d,1,20170609,Ambient,Heterotrophy,AH,14,20171212,1,-0.08,Polyp,777.57,
A113,d,A113d,1,20170609,Ambient,Heterotrophy,AH,14,20171212,1,-0.08,Connecting,210.7,
A113,d,A113d,1,20170609,Ambient,Heterotrophy,AH,14,20171212,1,-0.08,Connecting,303.24,
A113,d,A113d,1,20170609,Ambient,Heterotrophy,AH,14,20171212,1,-0.08,Connecting,151.62,
A113,e,A113e,7,20170609,Ambient,Heterotrophy,AH,14,20171212,1,0.41,Polyp,1055.16,
A113,e,A113e,7,20170609,Ambient,Heterotrophy,AH,14,20171212,1,0.41,Connecting,675.99,
A113,e,A113e,7,20170609,Ambient,Heterotrophy,AH,14,20171212,1,0.41,Connecting,541.88,
A113,e,A113e,7,20170609,Ambient,Heterotrophy,AH,14,20171212,1,0.41,Connecting,798.22,
A113,e,A113e,7,20170609,Ambient,Heterotrophy,AH,14,20171212,2,0.01,Polyp,903.16,
A113,e,A113e,7,20170609,Ambient,Heterotrophy,AH,14,20171212,2,0.01,Polyp,924.69,
A113,e,A113e,7,20170609,Ambient,Heterotrophy,AH,14,20171212,2,0.01,Connecting,721.1,
A113,e,A113e,7,20170609,Ambient,Heterotrophy,AH,14,20171212,2,0.01,Connecting,823.91,
A113,e,A113e,7,20170609,Ambient,Heterotrophy,AH,14,20171212,2,0.01,Connecting,617.82,
A113,e,A113e,7,20170609,Ambient,Heterotrophy,AH,14,20171212,3,-0.37,Polyp,929.4,
A113,e,A113e,7,20170609,Ambient,Heterotrophy,AH,14,20171212,3,-0.37,Polyp,765.19,
A113,e,A113e,7,20170609,Ambient,Heterotrophy,AH,14,20171212,3,-0.37,Connecting,357.87,
A113,e,A113e,7,20170609,Ambient,Heterotrophy,AH,14,20171212,3,-0.37,Connecting,761.04,
A113,e,A113e,7,20170609,Ambient,Heterotrophy,AH,14,20171212,3,-0.37,Connecting,302.13,
A113,e,A113e,7,20170609,Ambient,Heterotrophy,AH,14,20171212,3,-0.37,Connecting,507.83,
A180,a,A180a,5,20170609,Ambient,Heterotrophy,AH,21,20171212,1,-0.32,Polyp,1102.3,
A180,a,A180a,5,20170609,Ambient,Heterotrophy,AH,21,20171212,1,-0.32,Polyp,885.28,
A180,a,A180a,5,20170609,Ambient,Heterotrophy,AH,21,20171212,1,-0.32,Connecting,379.64,
A180,a,A180a,5,20170609,Ambient,Heterotrophy,AH,21,20171212,1,-0.32,Connecting,515.84,
A180,a,A180a,5,20170609,Ambient,Heterotrophy,AH,21,20171212,1,-0.32,Connecting,586.86,
A180,a,A180a,5,20170609,Ambient,Heterotrophy,AH,21,20171212,2,-0.03,Polyp,798.62,
A180,a,A180a,5,20170609,Ambient,Heterotrophy,AH,21,20171212,2,-0.03,Polyp,875.4,
A180,a,A180a,5,20170609,Ambient,Heterotrophy,AH,21,20171212,2,-0.03,Connecting,417.92,
A180,a,A180a,5,20170609,Ambient,Heterotrophy,AH,21,20171212,2,-0.03,Connecting,563.73,
A180,a,A180a,5,20170609,Ambient,Heterotrophy,AH,21,20171212,2,-0.03,Connecting,832.9,
A180,a,A180a,5,20170609,Ambient,Heterotrophy,AH,21,20171212,3,0.39,Polyp,961.2,
A180,a,A180a,5,20170609,Ambient,Heterotrophy,AH,21,20171212,3,0.39,Polyp,936.27,
A180,a,A180a,5,20170609,Ambient,Heterotrophy,AH,21,20171212,3,0.39,Connecting,708.54,
A180,a,A180a,5,20170609,Ambient,Heterotrophy,AH,21,20171212,3,0.39,Connecting,597.08,
A180,a,A180a,5,20170609,Ambient,Heterotrophy,AH,21,20171212,3,0.39,Connecting,615.58,
A180,b,A180a,2,20170609,Ambient,Heterotrophy,AH,21,20171212,1,0.05,Polyp,1028.9,
A180,b,A180a,2,20170609,Ambient,Heterotrophy,AH,21,20171212,1,0.05,Polyp,988.66,
A180,b,A180a,2,20170609,Ambient,Heterotrophy,AH,21,20171212,1,0.05,Connecting,1070.58,
A180,b,A180a,2,20170609,Ambient,Heterotrophy,AH,21,20171212,1,0.05,Connecting,546.47,
A180,b,A180a,2,20170609,Ambient,Heterotrophy,AH,21,20171212,1,0.05,Connecting,459.42,
A180,c,A180c,5,20170609,Ambient,Heterotrophy,AH,21,20171212,1,-0.44,Polyp,1114.5,
A180,c,A180c,5,20170609,Ambient,Heterotrophy,AH,21,20171212,1,-0.44,Polyp,1076.7,
A180,c,A180c,5,20170609,Ambient,Heterotrophy,AH,21,20171212,1,-0.44,Connecting,876.5,
A180,c,A180c,5,20170609,Ambient,Heterotrophy,AH,21,20171212,1,-0.44,Connecting,921.18,
A180,c,A180c,5,20170609,Ambient,Heterotrophy,AH,21,20171212,2,-0.07,Polyp,985.4,
A180,c,A180c,5,20170609,Ambient,Heterotrophy,AH,21,20171212,2,-0.07,Polyp,945.55,
A180,c,A180c,5,20170609,Ambient,Heterotrophy,AH,21,20171212,2,-0.07,Connecting,599.37,
A180,c,A180c,5,20170609,Ambient,Heterotrophy,AH,21,20171212,2,-0.07,Connecting,1052.57,
A180,c,A180c,5,20170609,Ambient,Heterotrophy,AH,21,20171212,3,0.4,Polyp,1153.31,
A180,c,A180c,5,20170609,Ambient,Heterotrophy,AH,21,20171212,3,0.4,Connecting,423.02,
A357,a,A357a,4,20170610,Ambient,Heterotrophy,AH,21,20171212,1,-0.16,Polyp,1103.65,
A357,a,A357a,4,20170610,Ambient,Heterotrophy,AH,21,20171212,1,-0.16,Polyp,867.22,
A357,a,A357a,4,20170610,Ambient,Heterotrophy,AH,21,20171212,1,-0.16,Polyp,785.74,
A357,a,A357a,4,20170610,Ambient,Heterotrophy,AH,21,20171212,1,-0.16,Connecting,666.26,
A357,a,A357a,4,20170610,Ambient,Heterotrophy,AH,21,20171212,1,-0.16,Connecting,562.55,
A357,a,A357a,4,20170610,Ambient,Heterotrophy,AH,21,20171212,2,0.06,Polyp,959.28,
A357,a,A357a,4,20170610,Ambient,Heterotrophy,AH,21,20171212,2,0.06,Polyp,967.96,
A357,a,A357a,4,20170610,Ambient,Heterotrophy,AH,21,20171212,2,0.06,Connecting,470.13,
A357,a,A357a,4,20170610,Ambient,Heterotrophy,AH,21,20171212,2,0.06,Connecting,607.26,
A357,a,A357a,4,20170610,Ambient,Heterotrophy,AH,21,20171212,2,0.06,Connecting,482.26,
A357,a,A357a,4,20170610,Ambient,Heterotrophy,AH,21,20171212,3,-0.18,Polyp,847.73,
A357,a,A357a,4,20170610,Ambient,Heterotrophy,AH,21,20171212,3,-0.18,Polyp,993.76,
A357,a,A357a,4,20170610,Ambient,Heterotrophy,AH,21,20171212,3,-0.18,Connecting,613.06,
A357,a,A357a,4,20170610,Ambient,Heterotrophy,AH,21,20171212,3,-0.18,Connecting,619.77,
A357,a,A357a,4,20170610,Ambient,Heterotrophy,AH,21,20171212,3,-0.18,Connecting,380.04,
A361,a,A361a,5,20170610,Ambient,Heterotrophy,AH,21,20171119,1,-0.27,Polyp,589.84,
A361,a,A361a,5,20170610,Ambient,Heterotrophy,AH,21,20171119,1,-0.27,Polyp,766.03,
A361,a,A361a,5,20170610,Ambient,Heterotrophy,AH,21,20171119,1,-0.27,Connecting,434.9,
A361,a,A361a,5,20170610,Ambient,Heterotrophy,AH,21,20171119,1,-0.27,Connecting,328.19,
A361,a,A361a,5,20170610,Ambient,Heterotrophy,AH,21,20171119,1,-0.27,Connecting,372.99,
A361,a,A361a,5,20170610,Ambient,Heterotrophy,AH,21,20171119,2,0.22,Polyp,845.66,
A361,a,A361a,5,20170610,Ambient,Heterotrophy,AH,21,20171119,2,0.22,Polyp,864.22,
A361,a,A361a,5,20170610,Ambient,Heterotrophy,AH,21,20171119,2,0.22,Connecting,511.82,
A361,a,A361a,5,20170610,Ambient,Heterotrophy,AH,21,20171119,2,0.22,Connecting,384.75,
A361,a,A361a,5,20170610,Ambient,Heterotrophy,AH,21,20171119,2,0.22,Connecting,392.51,
A361,a,A361a,5,20170610,Ambient,Heterotrophy,AH,21,20171119,3,0.51,Polyp,751.93,
A361,a,A361a,5,20170610,Ambient,Heterotrophy,AH,21,20171119,3,0.51,Polyp,675.71,
A361,a,A361a,5,20170610,Ambient,Heterotrophy,AH,21,20171119,3,0.51,Connecting,334.62,
A361,b,A361b,3,20170610,Ambient,Heterotrophy,AH,21,20171119,1,0.31,Polyp,632.94,
A361,b,A361b,3,20170610,Ambient,Heterotrophy,AH,21,20171119,1,0.31,Polyp,753.5,
A361,b,A361b,3,20170610,Ambient,Heterotrophy,AH,21,20171119,1,0.31,Connecting,699.59,
A361,b,A361b,3,20170610,Ambient,Heterotrophy,AH,21,20171119,1,0.31,Connecting,340.78,
A361,b,A361b,3,20170610,Ambient,Heterotrophy,AH,21,20171119,1,0.31,Connecting,691.89,
A361,b,A361b,3,20170610,Ambient,Heterotrophy,AH,21,20171119,2,0.05,Polyp,670.32,
A361,b,A361b,3,20170610,Ambient,Heterotrophy,AH,21,20171119,2,0.05,Polyp,468.68,
A361,b,A361b,3,20170610,Ambient,Heterotrophy,AH,21,20171119,2,0.05,Polyp,701.52,
A361,b,A361b,3,20170610,Ambient,Heterotrophy,AH,21,20171119,2,0.05,Connecting,506.8,
A361,b,A361b,3,20170610,Ambient,Heterotrophy,AH,21,20171119,2,0.05,Connecting,466.37,
A361,b,A361b,3,20170610,Ambient,Heterotrophy,AH,21,20171119,2,0.05,Connecting,453.42,
A449,a,A449a,3,20170611,Ambient,Heterotrophy,AH,18,20171212,1,0.09,Polyp,1008.2,
A449,a,A449a,3,20170611,Ambient,Heterotrophy,AH,18,20171212,1,0.09,Polyp,933.72,
A449,a,A449a,3,20170611,Ambient,Heterotrophy,AH,18,20171212,1,0.09,Connecting,566.02,
A449,a,A449a,3,20170611,Ambient,Heterotrophy,AH,18,20171212,1,0.09,Connecting,506.59,
A449,a,A449a,3,20170611,Ambient,Heterotrophy,AH,18,20171212,1,0.09,Connecting,385.27,
A449,a,A449a,3,20170611,Ambient,Heterotrophy,AH,18,20171212,2,0.31,Polyp,768.38,
A449,a,A449a,3,20170611,Ambient,Heterotrophy,AH,18,20171212,2,0.31,Connecting,498.48,
A449,a,A449a,3,20170611,Ambient,Heterotrophy,AH,18,20171212,2,0.31,Connecting,304.94,
A449,a,A449a,3,20170611,Ambient,Heterotrophy,AH,18,20171212,2,0.31,Connecting,466.82,
A449,a,A449a,3,20170611,Ambient,Heterotrophy,AH,18,20171212,3,0.51,Polyp,838.53,
A449,a,A449a,3,20170611,Ambient,Heterotrophy,AH,18,20171212,3,0.51,Polyp,843.88,
A449,a,A449a,3,20170611,Ambient,Heterotrophy,AH,18,20171212,3,0.51,Connecting,507.1,
A449,a,A449a,3,20170611,Ambient,Heterotrophy,AH,18,20171212,3,0.51,Connecting,483.7,
A449,a,A449a,3,20170611,Ambient,Heterotrophy,AH,18,20171212,3,0.51,Connecting,333.95,
A449,b,A449b,4,20170611,Ambient,Heterotrophy,AH,18,20171212,1,0.43,Polyp,1105.6,
A449,b,A449b,4,20170611,Ambient,Heterotrophy,AH,18,20171212,1,0.43,Polyp,878.63,
A449,b,A449b,4,20170611,Ambient,Heterotrophy,AH,18,20171212,1,0.43,Connecting,362.07,
A449,b,A449b,4,20170611,Ambient,Heterotrophy,AH,18,20171212,1,0.43,Connecting,508.38,
A449,b,A449b,4,20170611,Ambient,Heterotrophy,AH,18,20171212,1,0.43,Connecting,162.4,
A449,b,A449b,4,20170611,Ambient,Heterotrophy,AH,18,20171212,2,0.19,Polyp,695.46,
A449,b,A449b,4,20170611,Ambient,Heterotrophy,AH,18,20171212,2,0.19,Polyp,901.83,
A449,b,A449b,4,20170611,Ambient,Heterotrophy,AH,18,20171212,2,0.19,Connecting,556.39,
A449,b,A449b,4,20170611,Ambient,Heterotrophy,AH,18,20171212,2,0.19,Connecting,593.77,
A449,b,A449b,4,20170611,Ambient,Heterotrophy,AH,18,20171212,3,-0.02,Polyp,777.22,
A449,b,A449b,4,20170611,Ambient,Heterotrophy,AH,18,20171212,3,-0.02,Polyp,939.24,
A449,b,A449b,4,20170611,Ambient,Heterotrophy,AH,18,20171212,3,-0.02,Connecting,484.76,
A449,c,A449c,7,20170611,Ambient,Heterotrophy,AH,18,20171212,1,-0.14,Polyp,704.89,
A449,c,A449c,7,20170611,Ambient,Heterotrophy,AH,18,20171212,1,-0.14,Polyp,657.07,
A449,c,A449c,7,20170611,Ambient,Heterotrophy,AH,18,20171212,1,-0.14,Connecting,88.04,
A449,c,A449c,7,20170611,Ambient,Heterotrophy,AH,18,20171212,1,-0.14,Connecting,514.69,
A449,c,A449c,7,20170611,Ambient,Heterotrophy,AH,18,20171212,1,-0.14,Connecting,377.32,
A449,c,A449c,7,20170611,Ambient,Heterotrophy,AH,18,20171212,2,0.14,Polyp,669.7,
A449,c,A449c,7,20170611,Ambient,Heterotrophy,AH,18,20171212,2,0.14,Polyp,659.3,
A449,c,A449c,7,20170611,Ambient,Heterotrophy,AH,18,20171212,2,0.14,Connecting,481.77,
A449,c,A449c,7,20170611,Ambient,Heterotrophy,AH,18,20171212,2,0.14,Connecting,591.27,
A449,c,A449c,7,20170611,Ambient,Heterotrophy,AH,18,20171212,2,0.14,Connecting,371.3,
A449,c,A449c,7,20170611,Ambient,Heterotrophy,AH,18,20171212,3,0.48,Connecting,255.9,
A449,c,A449c,7,20170611,Ambient,Heterotrophy,AH,18,20171212,3,0.48,Connecting,280.35,
A449,c,A449c,7,20170611,Ambient,Heterotrophy,AH,18,20171212,3,0.48,Connecting,326.9,
A449,c,A449c,7,20170611,Ambient,Heterotrophy,AH,18,20171212,3,0.48,Connecting,340.9,
A449,c,A449c,7,20170611,Ambient,Heterotrophy,AH,18,20171212,3,0.48,Connecting,386.18,
A630,a,A630a,2,20170612,Ambient,Heterotrophy,AH,21,20171212,1,0.06,Polyp,1091.96,
A630,a,A630a,2,20170612,Ambient,Heterotrophy,AH,21,20171212,1,0.06,Polyp,897.54,
A630,a,A630a,2,20170612,Ambient,Heterotrophy,AH,21,20171212,1,0.06,Connecting,410.03,
A630,a,A630a,2,20170612,Ambient,Heterotrophy,AH,21,20171212,1,0.06,Connecting,471.94,
A630,a,A630a,2,20170612,Ambient,Heterotrophy,AH,21,20171212,1,0.06,Connecting,224.61,
A052,a,A052a,2,20170609,Ambient,No Heterotrophy,AN,22,20171119,1,-0.14,Connecting,317.5,
A052,a,A052a,2,20170609,Ambient,No Heterotrophy,AN,22,20171119,1,-0.14,Connecting,495.14,
A052,a,A052a,2,20170609,Ambient,No Heterotrophy,AN,22,20171119,1,-0.14,Connecting,148.19,
A052,a,A052a,2,20170609,Ambient,No Heterotrophy,AN,22,20171119,2,-0.04,Polyp,490.16,
A052,a,A052a,2,20170609,Ambient,No Heterotrophy,AN,22,20171119,2,-0.04,Polyp,468.66,
A052,a,A052a,2,20170609,Ambient,No Heterotrophy,AN,22,20171119,2,-0.04,Connecting,238.78,
A052,a,A052a,2,20170609,Ambient,No Heterotrophy,AN,22,20171119,2,-0.04,Connecting,199.33,
A052,a,A052a,2,20170609,Ambient,No Heterotrophy,AN,22,20171119,3,0.27,Polyp,491.2,
A052,a,A052a,2,20170609,Ambient,No Heterotrophy,AN,22,20171119,3,0.27,Polyp,511.42,
A052,a,A052a,2,20170609,Ambient,No Heterotrophy,AN,22,20171119,3,0.27,Connecting,324.59,
A052,a,A052a,2,20170609,Ambient,No Heterotrophy,AN,22,20171119,3,0.27,Connecting,245.92,
A052,a,A052a,2,20170609,Ambient,No Heterotrophy,AN,22,20171119,3,0.27,Connecting,154.18,
A052,b,A052b,2,20170609,Ambient,No Heterotrophy,AN,22,20171119,1,0.31,Connecting,93.06,
A052,b,A052b,2,20170609,Ambient,No Heterotrophy,AN,22,20171119,1,0.31,Connecting,229.22,
A052,b,A052b,2,20170609,Ambient,No Heterotrophy,AN,22,20171119,1,0.31,Polyp,554.67,
A052,b,A052b,2,20170609,Ambient,No Heterotrophy,AN,22,20171119,2,0.12,Polyp,727.93,
A052,b,A052b,2,20170609,Ambient,No Heterotrophy,AN,22,20171119,2,0.12,Polyp,697.04,
A052,b,A052b,2,20170609,Ambient,No Heterotrophy,AN,22,20171119,2,0.12,Polyp,503.9,
A052,b,A052b,2,20170609,Ambient,No Heterotrophy,AN,22,20171119,2,0.12,Connecting,184.04,
A052,b,A052b,2,20170609,Ambient,No Heterotrophy,AN,22,20171119,2,0.12,Connecting,324.83,
A052,b,A052b,2,20170609,Ambient,No Heterotrophy,AN,22,20171119,2,0.12,Connecting,195.07,
A052,c,A052c,6,20170609,Ambient,No Heterotrophy,AN,22,20171119,1,0.29,Polyp,475.3,
A052,c,A052c,6,20170609,Ambient,No Heterotrophy,AN,22,20171119,1,0.29,Polyp,465.12,
A052,c,A052c,6,20170609,Ambient,No Heterotrophy,AN,22,20171119,1,0.29,Polyp,578.8,
A052,c,A052c,6,20170609,Ambient,No Heterotrophy,AN,22,20171119,1,0.29,Polyp,495.38,
A052,c,A052c,6,20170609,Ambient,No Heterotrophy,AN,22,20171119,1,0.29,Connecting,295.18,
A052,c,A052c,6,20170609,Ambient,No Heterotrophy,AN,22,20171119,1,0.29,Connecting,227.81,
A052,c,A052c,6,20170609,Ambient,No Heterotrophy,AN,22,20171119,2,-0.08,Polyp,403.6,
A052,c,A052c,6,20170609,Ambient,No Heterotrophy,AN,22,20171119,2,-0.08,Polyp,516.72,
A052,c,A052c,6,20170609,Ambient,No Heterotrophy,AN,22,20171119,2,-0.08,Polyp,612.5,
A052,c,A052c,6,20170609,Ambient,No Heterotrophy,AN,22,20171119,2,-0.08,Polyp,590.6,
A052,c,A052c,6,20170609,Ambient,No Heterotrophy,AN,22,20171119,2,-0.08,Connecting,334.15,
A052,c,A052c,6,20170609,Ambient,No Heterotrophy,AN,22,20171119,2,-0.08,Connecting,288.04,
A052,c,A052c,6,20170609,Ambient,No Heterotrophy,AN,22,20171119,3,-0.42,Polyp,466.83,
A052,c,A052c,6,20170609,Ambient,No Heterotrophy,AN,22,20171119,3,-0.42,Polyp,586.13,
A052,c,A052c,6,20170609,Ambient,No Heterotrophy,AN,22,20171119,3,-0.42,Connecting,210.17,
A052,d,A052d,4,20170609,Ambient,No Heterotrophy,AN,22,20171119,1,-0.07,Polyp,839.74,
A052,d,A052d,4,20170609,Ambient,No Heterotrophy,AN,22,20171119,1,-0.07,Polyp,93.17,
A052,d,A052d,4,20170609,Ambient,No Heterotrophy,AN,22,20171119,1,-0.07,Connecting,239.6,
A052,d,A052d,4,20170609,Ambient,No Heterotrophy,AN,22,20171119,1,-0.07,Connecting,203.85,
A052,d,A052d,4,20170609,Ambient,No Heterotrophy,AN,22,20171119,2,0.2,Polyp,615.89,
A052,d,A052d,4,20170609,Ambient,No Heterotrophy,AN,22,20171119,2,0.2,Polyp,901.08,
A052,d,A052d,4,20170609,Ambient,No Heterotrophy,AN,22,20171119,2,0.2,Connecting,223.66,
A052,d,A052d,4,20170609,Ambient,No Heterotrophy,AN,22,20171119,2,0.2,Connecting,252.81,
A052,d,A052d,4,20170609,Ambient,No Heterotrophy,AN,22,20171119,3,0.45,Polyp,931.25,
A052,d,A052d,4,20170609,Ambient,No Heterotrophy,AN,22,20171119,3,0.45,Polyp,714.14,
A052,d,A052d,4,20170609,Ambient,No Heterotrophy,AN,22,20171119,3,0.45,Connecting,346.31,
A052,d,A052d,4,20170609,Ambient,No Heterotrophy,AN,22,20171119,3,0.45,Connecting,369.58,
A052,d,A052d,4,20170609,Ambient,No Heterotrophy,AN,22,20171119,3,0.45,Connecting,157.26,
A052,e,A052e,3,20170609,Ambient,No Heterotrophy,AN,22,20171119,1,0.38,Polyp,807.13,
A052,e,A052e,3,20170609,Ambient,No Heterotrophy,AN,22,20171119,1,0.38,Polyp,501.93,
A052,e,A052e,3,20170609,Ambient,No Heterotrophy,AN,22,20171119,1,0.38,Connecting,189.69,
A052,e,A052e,3,20170609,Ambient,No Heterotrophy,AN,22,20171119,1,0.38,Connecting,222.96,
A052,e,A052e,3,20170609,Ambient,No Heterotrophy,AN,22,20171119,2,0.05,Polyp,583.1,
A052,e,A052e,3,20170609,Ambient,No Heterotrophy,AN,22,20171119,2,0.05,Polyp,758.31,
A052,e,A052e,3,20170609,Ambient,No Heterotrophy,AN,22,20171119,2,0.05,Connecting,333.9,
A052,e,A052e,3,20170609,Ambient,No Heterotrophy,AN,22,20171119,2,0.05,Connecting,261.35,
A052,e,A052e,3,20170609,Ambient,No Heterotrophy,AN,22,20171119,2,0.05,Connecting,363.75,
A052,e,A052e,3,20170609,Ambient,No Heterotrophy,AN,22,20171119,3,-0.23,Polyp,481.85,
A052,e,A052e,3,20170609,Ambient,No Heterotrophy,AN,22,20171119,3,-0.23,Polyp,851.77,
A052,e,A052e,3,20170609,Ambient,No Heterotrophy,AN,22,20171119,3,-0.23,Connecting,373.32,
A052,e,A052e,3,20170609,Ambient,No Heterotrophy,AN,22,20171119,3,-0.23,Connecting,193.47,
A052,e,A052e,3,20170609,Ambient,No Heterotrophy,AN,22,20171119,3,-0.23,Connecting,263.35,
A052,f,A052f,4,20170609,Ambient,No Heterotrophy,AN,22,20171119,1,0.2,Polyp,770.31,
A052,f,A052f,4,20170609,Ambient,No Heterotrophy,AN,22,20171119,1,0.2,Polyp,601.49,
A052,f,A052f,4,20170609,Ambient,No Heterotrophy,AN,22,20171119,1,0.2,Polyp,631.2,
A052,f,A052f,4,20170609,Ambient,No Heterotrophy,AN,22,20171119,1,0.2,Polyp,619.5,
A052,f,A052f,4,20170609,Ambient,No Heterotrophy,AN,22,20171119,1,0.2,Connecting,304.88,
A052,f,A052f,4,20170609,Ambient,No Heterotrophy,AN,22,20171119,1,0.2,Connecting,164.78,
A052,f,A052f,4,20170609,Ambient,No Heterotrophy,AN,22,20171119,1,0.2,Connecting,299.26,
A052,f,A052f,4,20170609,Ambient,No Heterotrophy,AN,22,20171119,2,0.37,Polyp,864.04,
A052,f,A052f,4,20170609,Ambient,No Heterotrophy,AN,22,20171119,2,0.37,Polyp,892.06,
A052,f,A052f,4,20170609,Ambient,No Heterotrophy,AN,22,20171119,2,0.37,Polyp,784.51,
A052,f,A052f,4,20170609,Ambient,No Heterotrophy,AN,22,20171119,2,0.37,Connecting,334.02,
A052,f,A052f,4,20170609,Ambient,No Heterotrophy,AN,22,20171119,2,0.37,Connecting,387.35,
A052,f,A052f,4,20170609,Ambient,No Heterotrophy,AN,22,20171119,2,0.37,Connecting,334.24,
A058,a,A058a,2,20170609,Ambient,No Heterotrophy,AN,22,20171129,1,0.08,Polyp,1019.25,
A058,a,A058a,2,20170609,Ambient,No Heterotrophy,AN,22,20171129,1,0.08,Polyp,674.66,
A058,a,A058a,2,20170609,Ambient,No Heterotrophy,AN,22,20171129,1,0.08,Connecting,435.48,
A058,a,A058a,2,20170609,Ambient,No Heterotrophy,AN,22,20171129,1,0.08,Connecting,534.21,
A058,a,A058a,2,20170609,Ambient,No Heterotrophy,AN,22,20171129,1,0.08,Connecting,290.52,
A058,a,A058a,2,20170609,Ambient,No Heterotrophy,AN,22,20171129,2,0.37,Polyp,898.84,
A058,a,A058a,2,20170609,Ambient,No Heterotrophy,AN,22,20171129,2,0.37,Polyp,624.69,
A058,a,A058a,2,20170609,Ambient,No Heterotrophy,AN,22,20171129,2,0.37,Connecting,375.37,
A058,a,A058a,2,20170609,Ambient,No Heterotrophy,AN,22,20171129,2,0.37,Connecting,277.38,
A058,a,A058a,2,20170609,Ambient,No Heterotrophy,AN,22,20171129,2,0.37,Connecting,209.85,
A058,b,A058b,7,20170609,Ambient,No Heterotrophy,AN,22,20171129,1,-0.37,Polyp,473.09,
A058,b,A058b,7,20170609,Ambient,No Heterotrophy,AN,22,20171129,1,-0.37,Polyp,707.07,
A058,b,A058b,7,20170609,Ambient,No Heterotrophy,AN,22,20171129,1,-0.37,Polyp,919.41,
A058,b,A058b,7,20170609,Ambient,No Heterotrophy,AN,22,20171129,1,-0.37,Polyp,991.03,
A058,b,A058b,7,20170609,Ambient,No Heterotrophy,AN,22,20171129,1,-0.37,Connecting,382.93,
A058,b,A058b,7,20170609,Ambient,No Heterotrophy,AN,22,20171129,2,0.03,Polyp,971.21,
A058,b,A058b,7,20170609,Ambient,No Heterotrophy,AN,22,20171129,2,0.03,Polyp,850.03,
A058,b,A058b,7,20170609,Ambient,No Heterotrophy,AN,22,20171129,2,0.03,Connecting,241.21,
A058,b,A058b,7,20170609,Ambient,No Heterotrophy,AN,22,20171129,2,0.03,Connecting,288.08,
A058,b,A058b,7,20170609,Ambient,No Heterotrophy,AN,22,20171129,2,0.03,Connecting,242.36,
A058,c,A058c,2,20170609,Ambient,No Heterotrophy,AN,22,20171129,1,0.26,Polyp,936.8,
A058,c,A058c,2,20170609,Ambient,No Heterotrophy,AN,22,20171129,1,0.26,Polyp,624.68,
A058,c,A058c,2,20170609,Ambient,No Heterotrophy,AN,22,20171129,1,0.26,Connecting,284.81,
A058,c,A058c,2,20170609,Ambient,No Heterotrophy,AN,22,20171129,1,0.26,Connecting,176.42,
A058,c,A058c,2,20170609,Ambient,No Heterotrophy,AN,22,20171129,2,-0.08,Polyp,613.03,
A058,c,A058c,2,20170609,Ambient,No Heterotrophy,AN,22,20171129,2,-0.08,Polyp,740.88,
A058,c,A058c,2,20170609,Ambient,No Heterotrophy,AN,22,20171129,2,-0.08,Connecting,109.52,
A058,d,A058d,6,20170609,Ambient,No Heterotrophy,AN,22,20171129,1,-0.44,Polyp,648.1,
A058,d,A058d,6,20170609,Ambient,No Heterotrophy,AN,22,20171129,1,-0.44,Polyp,657.41,
A058,d,A058d,6,20170609,Ambient,No Heterotrophy,AN,22,20171129,1,-0.44,Connecting,418.87,
A058,d,A058d,6,20170609,Ambient,No Heterotrophy,AN,22,20171129,2,-0.19,Polyp,753.79,
A058,d,A058d,6,20170609,Ambient,No Heterotrophy,AN,22,20171129,2,-0.19,Polyp,928.19,
A058,d,A058d,6,20170609,Ambient,No Heterotrophy,AN,22,20171129,2,-0.19,Connecting,397.63,
A058,d,A058d,6,20170609,Ambient,No Heterotrophy,AN,22,20171129,2,-0.19,Connecting,403.66,
A058,d,A058d,6,20170609,Ambient,No Heterotrophy,AN,22,20171129,2,-0.19,Connecting,339.7,
A058,d,A058d,6,20170609,Ambient,No Heterotrophy,AN,22,20171129,3,0.58,Polyp,516.32,
A058,d,A058d,6,20170609,Ambient,No Heterotrophy,AN,22,20171129,3,0.58,Polyp,502.7,
A058,d,A058d,6,20170609,Ambient,No Heterotrophy,AN,22,20171129,3,0.58,Polyp,767.59,
A058,d,A058d,6,20170609,Ambient,No Heterotrophy,AN,22,20171129,3,0.58,Polyp,826.55,
A058,d,A058d,6,20170609,Ambient,No Heterotrophy,AN,22,20171129,3,0.58,Connecting,263.17,
A058,d,A058d,6,20170609,Ambient,No Heterotrophy,AN,22,20171129,3,0.58,Connecting,203.87,
A058,e,A058e,1,20170609,Ambient,No Heterotrophy,AN,22,20171129,1,0.23,Polyp,1110.65,
A058,e,A058e,1,20170609,Ambient,No Heterotrophy,AN,22,20171129,1,0.23,Polyp,922.21,
A058,e,A058e,1,20170609,Ambient,No Heterotrophy,AN,22,20171129,1,0.23,Connecting,302.38,
A058,e,A058e,1,20170609,Ambient,No Heterotrophy,AN,22,20171129,1,0.23,Connecting,461.73,
A058,e,A058e,1,20170609,Ambient,No Heterotrophy,AN,22,20171129,1,0.23,Connecting,150.33,
A092,a,A092a,4,20170609,Ambient,No Heterotrophy,AN,16,20171119,1,0.04,Polyp,689.04,
A092,a,A092a,4,20170609,Ambient,No Heterotrophy,AN,16,20171119,1,0.04,Polyp,691.69,
A092,a,A092a,4,20170609,Ambient,No Heterotrophy,AN,16,20171119,1,0.04,Polyp,493.28,
A092,a,A092a,4,20170609,Ambient,No Heterotrophy,AN,16,20171119,1,0.04,Connecting,308.76,
A092,a,A092a,4,20170609,Ambient,No Heterotrophy,AN,16,20171119,2,-0.55,Polyp,720.22,
A092,a,A092a,4,20170609,Ambient,No Heterotrophy,AN,16,20171119,2,-0.55,Polyp,517.06,
A092,a,A092a,4,20170609,Ambient,No Heterotrophy,AN,16,20171119,2,-0.55,Connecting,385.82,
A092,a,A092a,4,20170609,Ambient,No Heterotrophy,AN,16,20171119,2,-0.55,Connecting,225.43,
A092,b,A092b,1,20170609,Ambient,No Heterotrophy,AN,16,20171119,1,0.19,Polyp,669.3,
A092,b,A092b,1,20170609,Ambient,No Heterotrophy,AN,16,20171119,1,0.19,Polyp,523.73,
A092,b,A092b,1,20170609,Ambient,No Heterotrophy,AN,16,20171119,1,0.19,Connecting,342.6,
A092,b,A092b,1,20170609,Ambient,No Heterotrophy,AN,16,20171119,1,0.19,Connecting,380.65,
A092,b,A092b,1,20170609,Ambient,No Heterotrophy,AN,16,20171119,1,0.19,Connecting,322.74,
A283,a,A283a,10,20170610,Ambient,No Heterotrophy,AN,16,20171106,1,0.3,Polyp,729.13,
A283,a,A283a,10,20170610,Ambient,No Heterotrophy,AN,16,20171106,1,0.3,Polyp,544.03,
A283,a,A283a,10,20170610,Ambient,No Heterotrophy,AN,16,20171106,1,0.3,Connecting,377.55,
A283,a,A283a,10,20170610,Ambient,No Heterotrophy,AN,16,20171106,1,0.3,Connecting,398.31,
A283,a,A283a,10,20170610,Ambient,No Heterotrophy,AN,16,20171106,1,0.3,Connecting,527.46,
A283,a,A283a,10,20170610,Ambient,No Heterotrophy,AN,16,20171106,2,0.04,Polyp,735.33,
A283,a,A283a,10,20170610,Ambient,No Heterotrophy,AN,16,20171106,2,0.04,Polyp,666.61,
A283,a,A283a,10,20170610,Ambient,No Heterotrophy,AN,16,20171106,2,0.04,Connecting,499.73,
A283,a,A283a,10,20170610,Ambient,No Heterotrophy,AN,16,20171106,2,0.04,Connecting,589.11,
A283,a,A283a,10,20170610,Ambient,No Heterotrophy,AN,16,20171106,2,0.04,Connecting,713.87,
A283,a,A283a,10,20170610,Ambient,No Heterotrophy,AN,16,20171106,3,-0.26,Polyp,705.32,
A283,a,A283a,10,20170610,Ambient,No Heterotrophy,AN,16,20171106,3,-0.26,Polyp,522.36,
A283,a,A283a,10,20170610,Ambient,No Heterotrophy,AN,16,20171106,3,-0.26,Connecting,457.04,
A283,a,A283a,10,20170610,Ambient,No Heterotrophy,AN,16,20171106,3,-0.26,Connecting,788.53,
A283,a,A283a,10,20170610,Ambient,No Heterotrophy,AN,16,20171106,3,-0.26,Connecting,124.21,
A283,b,A283b,3,20170610,Ambient,No Heterotrophy,AN,16,20171106,1,-0.02,Polyp,566.07,
A283,b,A283b,3,20170610,Ambient,No Heterotrophy,AN,16,20171106,1,-0.02,Polyp,748.2,
A283,b,A283b,3,20170610,Ambient,No Heterotrophy,AN,16,20171106,1,-0.02,Polyp,886.24,
A283,b,A283b,3,20170610,Ambient,No Heterotrophy,AN,16,20171106,1,-0.02,Polyp,649.11,
A283,b,A283b,3,20170610,Ambient,No Heterotrophy,AN,16,20171106,1,-0.02,Connecting,279.72,
A283,b,A283b,3,20170610,Ambient,No Heterotrophy,AN,16,20171106,2,0.28,Polyp,804.94,
A283,b,A283b,3,20170610,Ambient,No Heterotrophy,AN,16,20171106,2,0.28,Polyp,635.03,
A283,b,A283b,3,20170610,Ambient,No Heterotrophy,AN,16,20171106,2,0.28,Connecting,268,
A283,b,A283b,3,20170610,Ambient,No Heterotrophy,AN,16,20171106,2,0.28,Connecting,272.73,
A283,b,A283b,3,20170610,Ambient,No Heterotrophy,AN,16,20171106,2,0.28,Connecting,285.54,
A283,c,A283c,2,20170610,Ambient,No Heterotrophy,AN,16,20171106,1,0.06,Polyp,794.88,
A283,c,A283c,2,20170610,Ambient,No Heterotrophy,AN,16,20171106,1,0.06,Polyp,797.99,
A283,c,A283c,2,20170610,Ambient,No Heterotrophy,AN,16,20171106,1,0.06,Connecting,480.12,
A283,c,A283c,2,20170610,Ambient,No Heterotrophy,AN,16,20171106,1,0.06,Connecting,215.53,
A283,c,A283c,2,20170610,Ambient,No Heterotrophy,AN,16,20171106,1,0.06,Connecting,396.86,
A283,c,A283c,2,20170610,Ambient,No Heterotrophy,AN,16,20171106,2,-0.24,Polyp,783.28,
A283,c,A283c,2,20170610,Ambient,No Heterotrophy,AN,16,20171106,2,-0.24,Polyp,776.1,
A283,c,A283c,2,20170610,Ambient,No Heterotrophy,AN,16,20171106,2,-0.24,Connecting,327.23,
A283,d,A283d,3,20170610,Ambient,No Heterotrophy,AN,16,20171106,1,-0.14,Polyp,776.29,
A283,d,A283d,3,20170610,Ambient,No Heterotrophy,AN,16,20171106,1,-0.14,Polyp,643,
A283,d,A283d,3,20170610,Ambient,No Heterotrophy,AN,16,20171106,1,-0.14,Connecting,352.07,
A283,d,A283d,3,20170610,Ambient,No Heterotrophy,AN,16,20171106,1,-0.14,Polyp,754.27,
A283,d,A283d,3,20170610,Ambient,No Heterotrophy,AN,16,20171106,1,-0.14,Connecting,230.04,
A319,a,A319a,6,20170610,Ambient,No Heterotrophy,AN,22,20171119,1,0.16,Polyp,502.28,
A319,a,A319a,6,20170610,Ambient,No Heterotrophy,AN,22,20171119,1,0.16,Polyp,604.09,
A319,a,A319a,6,20170610,Ambient,No Heterotrophy,AN,22,20171119,1,0.16,Polyp,799.31,
A319,a,A319a,6,20170610,Ambient,No Heterotrophy,AN,22,20171119,1,0.16,Connecting,403.2,
A319,a,A319a,6,20170610,Ambient,No Heterotrophy,AN,22,20171119,1,0.16,Connecting,307.96,
A319,a,A319a,6,20170610,Ambient,No Heterotrophy,AN,22,20171119,2,-0.13,Connecting,484.63,
A319,a,A319a,6,20170610,Ambient,No Heterotrophy,AN,22,20171119,2,-0.13,Connecting,322.63,
A319,a,A319a,6,20170610,Ambient,No Heterotrophy,AN,22,20171119,2,-0.13,Connecting,218.24,
A319,a,A319a,6,20170610,Ambient,No Heterotrophy,AN,22,20171119,3,-0.32,Polyp,642.33,
A319,a,A319a,6,20170610,Ambient,No Heterotrophy,AN,22,20171119,3,-0.32,Connecting,374.23,
A319,a,A319a,6,20170610,Ambient,No Heterotrophy,AN,22,20171119,3,-0.32,Connecting,350.84,
A319,a,A319a,6,20170610,Ambient,No Heterotrophy,AN,22,20171119,3,-0.32,Connecting,228.49,
A319,b,A319b,3,20170610,Ambient,No Heterotrophy,AN,22,20171119,1,-0.29,Polyp,242.49,
A319,b,A319b,3,20170610,Ambient,No Heterotrophy,AN,22,20171119,1,-0.29,Polyp,294.09,
A319,b,A319b,3,20170610,Ambient,No Heterotrophy,AN,22,20171119,1,-0.29,Connecting,134.65,
A319,b,A319b,3,20170610,Ambient,No Heterotrophy,AN,22,20171119,2,0.09,Polyp,567.82,
A319,b,A319b,3,20170610,Ambient,No Heterotrophy,AN,22,20171119,2,0.09,Polyp,956.35,
A319,b,A319b,3,20170610,Ambient,No Heterotrophy,AN,22,20171119,2,0.09,Polyp,693.17,
A319,b,A319b,3,20170610,Ambient,No Heterotrophy,AN,22,20171119,2,0.09,Connecting,243.11,
A319,b,A319b,3,20170610,Ambient,No Heterotrophy,AN,22,20171119,2,0.09,Connecting,159.23,
A319,c,A319c,6,20170610,Ambient,No Heterotrophy,AN,22,20171119,1,0.27,Polyp,696.36,
A319,c,A319c,6,20170610,Ambient,No Heterotrophy,AN,22,20171119,1,0.27,Polyp,531.29,
A319,c,A319c,6,20170610,Ambient,No Heterotrophy,AN,22,20171119,1,0.27,Polyp,539.38,
A319,c,A319c,6,20170610,Ambient,No Heterotrophy,AN,22,20171119,1,0.27,Connecting,362.73,
A319,c,A319c,6,20170610,Ambient,No Heterotrophy,AN,22,20171119,1,0.27,Connecting,274.31,
A319,c,A319c,6,20170610,Ambient,No Heterotrophy,AN,22,20171119,2,-0.08,Connecting,550.17,
A319,c,A319c,6,20170610,Ambient,No Heterotrophy,AN,22,20171119,2,-0.08,Connecting,374.46,
A319,c,A319c,6,20170610,Ambient,No Heterotrophy,AN,22,20171119,2,-0.08,Connecting,389.46,
A319,c,A319c,6,20170610,Ambient,No Heterotrophy,AN,22,20171119,3,-0.41,Connecting,740.52,
A319,c,A319c,6,20170610,Ambient,No Heterotrophy,AN,22,20171119,3,-0.41,Connecting,594.62,
A319,c,A319c,6,20170610,Ambient,No Heterotrophy,AN,22,20171119,3,-0.41,Connecting,574.72,
A395,a,A395a,8,20170610,Ambient,No Heterotrophy,AN,15,20171129,1,-0.55,Polyp,973.85,
A395,a,A395a,8,20170610,Ambient,No Heterotrophy,AN,15,20171129,1,-0.55,Polyp,970.84,
A395,a,A395a,8,20170610,Ambient,No Heterotrophy,AN,15,20171129,1,-0.55,Connecting,558.46,
A395,a,A395a,8,20170610,Ambient,No Heterotrophy,AN,15,20171129,1,-0.55,Connecting,238.33,
A395,a,A395a,8,20170610,Ambient,No Heterotrophy,AN,15,20171129,1,-0.55,Connecting,397.03,
A395,a,A395a,8,20170610,Ambient,No Heterotrophy,AN,15,20171129,2,0.12,Polyp,532.19,
A395,a,A395a,8,20170610,Ambient,No Heterotrophy,AN,15,20171129,2,0.12,Polyp,612.23,
A395,a,A395a,8,20170610,Ambient,No Heterotrophy,AN,15,20171129,2,0.12,Polyp,700.93,
A395,a,A395a,8,20170610,Ambient,No Heterotrophy,AN,15,20171129,2,0.12,Connecting,393.05,
A395,a,A395a,8,20170610,Ambient,No Heterotrophy,AN,15,20171129,2,0.12,Connecting,627.92,
A395,a,A395a,8,20170610,Ambient,No Heterotrophy,AN,15,20171129,2,0.12,Connecting,323.54,
A395,a,A395a,8,20170610,Ambient,No Heterotrophy,AN,15,20171129,3,0.25,Polyp,626.49,
A395,a,A395a,8,20170610,Ambient,No Heterotrophy,AN,15,20171129,3,0.25,Polyp,523.79,
A395,a,A395a,8,20170610,Ambient,No Heterotrophy,AN,15,20171129,3,0.25,Connecting,321.95,
A395,a,A395a,8,20170610,Ambient,No Heterotrophy,AN,15,20171129,3,0.25,Connecting,251.95,
A395,a,A395a,8,20170610,Ambient,No Heterotrophy,AN,15,20171129,3,0.25,Connecting,679.49,
A395,b,A395b,1,20170610,Ambient,No Heterotrophy,AN,15,20171129,1,0.07,Polyp,750.87,
A395,b,A395b,1,20170610,Ambient,No Heterotrophy,AN,15,20171129,1,0.07,Polyp,855.59,
A395,b,A395b,1,20170610,Ambient,No Heterotrophy,AN,15,20171129,1,0.07,Connecting,518.33,
A395,b,A395b,1,20170610,Ambient,No Heterotrophy,AN,15,20171129,1,0.07,Connecting,415.31,
A395,b,A395b,1,20170610,Ambient,No Heterotrophy,AN,15,20171129,1,0.07,Connecting,146,
A395,c,A395c,8,20170610,Ambient,No Heterotrophy,AN,15,20171129,1,-0.29,Polyp,864.58,
A395,c,A395c,8,20170610,Ambient,No Heterotrophy,AN,15,20171129,1,-0.29,Connecting,449.74,
A395,c,A395c,8,20170610,Ambient,No Heterotrophy,AN,15,20171129,1,-0.29,Connecting,701.66,
A395,c,A395c,8,20170610,Ambient,No Heterotrophy,AN,15,20171129,1,-0.29,Connecting,334.14,
A395,c,A395c,8,20170610,Ambient,No Heterotrophy,AN,15,20171129,2,0.03,Polyp,790.06,
A395,c,A395c,8,20170610,Ambient,No Heterotrophy,AN,15,20171129,2,0.03,Connecting,335.07,
A395,c,A395c,8,20170610,Ambient,No Heterotrophy,AN,15,20171129,2,0.03,Connecting,50,
A395,c,A395c,8,20170610,Ambient,No Heterotrophy,AN,15,20171129,3,0.4,Polyp,604.27,
A395,c,A395c,8,20170610,Ambient,No Heterotrophy,AN,15,20171129,3,0.4,Polyp,545.7,
A395,c,A395c,8,20170610,Ambient,No Heterotrophy,AN,15,20171129,3,0.4,Polyp,932.5,
A395,c,A395c,8,20170610,Ambient,No Heterotrophy,AN,15,20171129,3,0.4,Connecting,590.16,
A395,c,A395c,8,20170610,Ambient,No Heterotrophy,AN,15,20171129,3,0.4,Connecting,433.69,
A395,c,A395c,8,20170610,Ambient,No Heterotrophy,AN,15,20171129,3,0.4,Connecting,513.93,
A401,a,A401a,2,20170610,Ambient,No Heterotrophy,AN,15,20171129,1,-0.02,Polyp,946.79,
A401,a,A401a,2,20170610,Ambient,No Heterotrophy,AN,15,20171129,1,-0.02,Polyp,1008.87,
A401,a,A401a,2,20170610,Ambient,No Heterotrophy,AN,15,20171129,1,-0.02,Connecting,250.21,
A401,a,A401a,2,20170610,Ambient,No Heterotrophy,AN,15,20171129,1,-0.02,Connecting,425.14,
A401,a,A401a,2,20170610,Ambient,No Heterotrophy,AN,15,20171129,1,-0.02,Connecting,297.41,
A401,a,A401a,2,20170610,Ambient,No Heterotrophy,AN,15,20171129,2,0.31,Polyp,901.4,
A401,a,A401a,2,20170610,Ambient,No Heterotrophy,AN,15,20171129,2,0.31,Polyp,820.1,
A401,a,A401a,2,20170610,Ambient,No Heterotrophy,AN,15,20171129,2,0.31,Connecting,611.53,
A401,a,A401a,2,20170610,Ambient,No Heterotrophy,AN,15,20171129,2,0.31,Connecting,399.3,
A401,a,A401a,2,20170610,Ambient,No Heterotrophy,AN,15,20171129,2,0.31,Connecting,430.9,
A401,b,A401b,3,20170610,Ambient,No Heterotrophy,AN,15,20171129,1,0.13,Polyp,1059.46,
A401,b,A401b,3,20170610,Ambient,No Heterotrophy,AN,15,20171129,1,0.13,Polyp,782.53,
A401,b,A401b,3,20170610,Ambient,No Heterotrophy,AN,15,20171129,1,0.13,Connecting,141.98,
A401,b,A401b,3,20170610,Ambient,No Heterotrophy,AN,15,20171129,1,0.13,Connecting,268.06,
A401,b,A401b,3,20170610,Ambient,No Heterotrophy,AN,15,20171129,2,-0.35,Polyp,980.23,
A401,b,A401b,3,20170610,Ambient,No Heterotrophy,AN,15,20171129,2,-0.35,Polyp,857.94,
A401,b,A401b,3,20170610,Ambient,No Heterotrophy,AN,15,20171129,2,-0.35,Connecting,184.5,
A401,c,A401c,1,20170610,Ambient,No Heterotrophy,AN,15,20171129,1,0.04,Polyp,558.85,
A401,c,A401c,1,20170610,Ambient,No Heterotrophy,AN,15,20171129,1,0.04,Polyp,532.4,
A401,c,A401c,1,20170610,Ambient,No Heterotrophy,AN,15,20171129,1,0.04,Connecting,375.92,
A401,d,A401d,6,20170610,Ambient,No Heterotrophy,AN,15,20171129,1,0.55,Polyp,836.66,
A401,d,A401d,6,20170610,Ambient,No Heterotrophy,AN,15,20171129,1,0.55,Polyp,1075.54,
A401,d,A401d,6,20170610,Ambient,No Heterotrophy,AN,15,20171129,1,0.55,Polyp,861.5,
A401,d,A401d,6,20170610,Ambient,No Heterotrophy,AN,15,20171129,1,0.55,Connecting,399,
A401,d,A401d,6,20170610,Ambient,No Heterotrophy,AN,15,20171129,1,0.55,Connecting,343.13,
A401,d,A401d,6,20170610,Ambient,No Heterotrophy,AN,15,20171129,1,0.55,Connecting,417.12,
A401,d,A401d,6,20170610,Ambient,No Heterotrophy,AN,15,20171129,2,0.24,Polyp,909.05,
A401,d,A401d,6,20170610,Ambient,No Heterotrophy,AN,15,20171129,2,0.24,Polyp,796.56,
A401,d,A401d,6,20170610,Ambient,No Heterotrophy,AN,15,20171129,2,0.24,Polyp,1034.04,
A401,d,A401d,6,20170610,Ambient,No Heterotrophy,AN,15,20171129,2,0.24,Connecting,460.79,
A401,d,A401d,6,20170610,Ambient,No Heterotrophy,AN,15,20171129,2,0.24,Connecting,236.31,
A401,d,A401d,6,20170610,Ambient,No Heterotrophy,AN,15,20171129,3,-0.17,Connecting,495.14,
A401,d,A401d,6,20170610,Ambient,No Heterotrophy,AN,15,20171129,3,-0.17,Connecting,321,
A401,d,A401d,6,20170610,Ambient,No Heterotrophy,AN,15,20171129,3,-0.17,Connecting,418.19,
A401,d,A401d,6,20170610,Ambient,No Heterotrophy,AN,15,20171129,3,-0.17,Connecting,384.9,
A405,a,A405a,6,20170610,Ambient,No Heterotrophy,AN,15,20171119,1,-0.12,Polyp,617.66,
A405,a,A405a,6,20170610,Ambient,No Heterotrophy,AN,15,20171119,1,-0.12,Polyp,362.29,
A405,a,A405a,6,20170610,Ambient,No Heterotrophy,AN,15,20171119,1,-0.12,Connecting,208.34,
A405,a,A405a,6,20170610,Ambient,No Heterotrophy,AN,15,20171119,1,-0.12,Connecting,150.84,
A405,a,A405a,6,20170610,Ambient,No Heterotrophy,AN,15,20171119,2,0.16,Polyp,441.28,
A405,a,A405a,6,20170610,Ambient,No Heterotrophy,AN,15,20171119,2,0.16,Polyp,568.87,
A405,a,A405a,6,20170610,Ambient,No Heterotrophy,AN,15,20171119,2,0.16,Polyp,657.26,
A405,a,A405a,6,20170610,Ambient,No Heterotrophy,AN,15,20171119,2,0.16,Connecting,191.02,
A405,a,A405a,6,20170610,Ambient,No Heterotrophy,AN,15,20171119,2,0.16,Connecting,336.27,
A405,a,A405a,6,20170610,Ambient,No Heterotrophy,AN,15,20171119,2,0.16,Connecting,151.21,
A405,a,A405a,6,20170610,Ambient,No Heterotrophy,AN,15,20171119,3,-0.34,Polyp,969.22,
A405,a,A405a,6,20170610,Ambient,No Heterotrophy,AN,15,20171119,3,-0.34,Polyp,748.96,
A405,a,A405a,6,20170610,Ambient,No Heterotrophy,AN,15,20171119,3,-0.34,Connecting,360.81,
A405,a,A405a,6,20170610,Ambient,No Heterotrophy,AN,15,20171119,3,-0.34,Connecting,304.63,
A405,a,A405a,6,20170610,Ambient,No Heterotrophy,AN,15,20171119,3,-0.34,Connecting,218.16,
A405,b,A405b,4,20170610,Ambient,No Heterotrophy,AN,15,20171119,1,-0.21,Polyp,585.39,
A405,b,A405b,4,20170610,Ambient,No Heterotrophy,AN,15,20171119,1,-0.21,Connecting,382.36,
A405,b,A405b,4,20170610,Ambient,No Heterotrophy,AN,15,20171119,1,-0.21,Connecting,347.7,
A405,b,A405b,4,20170610,Ambient,No Heterotrophy,AN,15,20171119,1,-0.21,Connecting,287.63,
A405,b,A405b,4,20170610,Ambient,No Heterotrophy,AN,15,20171119,2,-0.02,Connecting,540.22,
A405,b,A405b,4,20170610,Ambient,No Heterotrophy,AN,15,20171119,2,-0.02,Connecting,233.25,
A405,b,A405b,4,20170610,Ambient,No Heterotrophy,AN,15,20171119,2,-0.02,Connecting,452.26,
A405,b,A405b,4,20170610,Ambient,No Heterotrophy,AN,15,20171119,3,0.23,Polyp,457.84,
A405,b,A405b,4,20170610,Ambient,No Heterotrophy,AN,15,20171119,3,0.23,Polyp,428.82,
A405,b,A405b,4,20170610,Ambient,No Heterotrophy,AN,15,20171119,3,0.23,Connecting,341.89,
A405,b,A405b,4,20170610,Ambient,No Heterotrophy,AN,15,20171119,3,0.23,Connecting,280.2,
A406,a,A406a,5,20160610,Ambient,No Heterotrophy,AN,15,20171119,1,-0.35,Connecting,382.82,
A406,a,A406a,5,20160610,Ambient,No Heterotrophy,AN,15,20171119,1,-0.35,Connecting,301.64,
A406,a,A406a,5,20160610,Ambient,No Heterotrophy,AN,15,20171119,1,-0.35,Connecting,204.81,
A406,a,A406a,5,20160610,Ambient,No Heterotrophy,AN,15,20171119,2,-0.06,Polyp,713.1,
A406,a,A406a,5,20160610,Ambient,No Heterotrophy,AN,15,20171119,2,-0.06,Connecting,207.7,
A406,a,A406a,5,20160610,Ambient,No Heterotrophy,AN,15,20171119,2,-0.06,Connecting,299.49,
A406,a,A406a,5,20160610,Ambient,No Heterotrophy,AN,15,20171119,2,-0.06,Connecting,270.5,
A406,a,A406a,5,20160610,Ambient,No Heterotrophy,AN,15,20171119,3,0.25,Polyp,638.68,
A406,a,A406a,5,20160610,Ambient,No Heterotrophy,AN,15,20171119,3,0.25,Polyp,489.3,
A406,a,A406a,5,20160610,Ambient,No Heterotrophy,AN,15,20171119,3,0.25,Connecting,237.06,
A406,a,A406a,5,20160610,Ambient,No Heterotrophy,AN,15,20171119,3,0.25,Connecting,162.63,
A406,a,A406a,5,20160610,Ambient,No Heterotrophy,AN,15,20171119,3,0.25,Connecting,97.29,
A406,b,A406b,11,20170610,Ambient,No Heterotrophy,AN,15,20171119,1,-0.17,Polyp,491.26,
A406,b,A406b,11,20170610,Ambient,No Heterotrophy,AN,15,20171119,1,-0.17,Polyp,290.19,
A406,b,A406b,11,20170610,Ambient,No Heterotrophy,AN,15,20171119,1,-0.17,Connecting,283.45,
A406,b,A406b,11,20170610,Ambient,No Heterotrophy,AN,15,20171119,1,-0.17,Connecting,356.8,
A406,b,A406b,11,20170610,Ambient,No Heterotrophy,AN,15,20171119,1,-0.17,Connecting,132.96,
A406,b,A406b,11,20170610,Ambient,No Heterotrophy,AN,15,20171119,2,0.04,Polyp,597.47,
A406,b,A406b,11,20170610,Ambient,No Heterotrophy,AN,15,20171119,2,0.04,Polyp,682.03,
A406,b,A406b,11,20170610,Ambient,No Heterotrophy,AN,15,20171119,2,0.04,Connecting,250.8,
A406,b,A406b,11,20170610,Ambient,No Heterotrophy,AN,15,20171119,2,0.04,Connecting,310,
A406,b,A406b,11,20170610,Ambient,No Heterotrophy,AN,15,20171119,2,0.04,Connecting,345.08,
A406,b,A406b,11,20170610,Ambient,No Heterotrophy,AN,15,20171119,3,0.31,Polyp,644.12,
A406,b,A406b,11,20170610,Ambient,No Heterotrophy,AN,15,20171119,3,0.31,Polyp,485.65,
A406,b,A406b,11,20170610,Ambient,No Heterotrophy,AN,15,20171119,3,0.31,Connecting,364.85,
A406,b,A406b,11,20170610,Ambient,No Heterotrophy,AN,15,20171119,3,0.31,Connecting,62.37,
A406,b,A406b,11,20170610,Ambient,No Heterotrophy,AN,15,20171119,3,0.31,Connecting,457.93,
A409,a,A409a,5,20170611,Ambient,No Heterotrophy,AN,22,20171129,1,0.27,Polyp,315.42,
A409,a,A409a,5,20170611,Ambient,No Heterotrophy,AN,22,20171129,1,0.27,Polyp,657.6,
A409,a,A409a,5,20170611,Ambient,No Heterotrophy,AN,22,20171129,1,0.27,Polyp,624.28,
A409,a,A409a,5,20170611,Ambient,No Heterotrophy,AN,22,20171129,1,0.27,Polyp,731.54,
A409,a,A409a,5,20170611,Ambient,No Heterotrophy,AN,22,20171129,1,0.27,Connecting,199.27,
A409,a,A409a,5,20170611,Ambient,No Heterotrophy,AN,22,20171129,1,0.27,Connecting,357.17,
A409,a,A409a,5,20170611,Ambient,No Heterotrophy,AN,22,20171129,1,0.27,Connecting,177.89,
A409,a,A409a,5,20170611,Ambient,No Heterotrophy,AN,22,20171129,2,0.13,Connecting,300.99,
A409,a,A409a,5,20170611,Ambient,No Heterotrophy,AN,22,20171129,2,0.13,Connecting,375.35,
A409,a,A409a,5,20170611,Ambient,No Heterotrophy,AN,22,20171129,2,0.13,Connecting,388.38,
A409,a,A409a,5,20170611,Ambient,No Heterotrophy,AN,22,20171129,2,0.13,Connecting,272.76,
A409,b,A409b,2,20170611,Ambient,No Heterotrophy,AN,22,20171129,1,0.03,Polyp,646.24,
A409,b,A409b,2,20170611,Ambient,No Heterotrophy,AN,22,20171129,1,0.03,Polyp,478.01,
A409,b,A409b,2,20170611,Ambient,No Heterotrophy,AN,22,20171129,1,0.03,Polyp,639.2,
A409,b,A409b,2,20170611,Ambient,No Heterotrophy,AN,22,20171129,1,0.03,Polyp,867.44,
A409,b,A409b,2,20170611,Ambient,No Heterotrophy,AN,22,20171129,1,0.03,Connecting,248.48,
A409,b,A409b,2,20170611,Ambient,No Heterotrophy,AN,22,20171129,1,0.03,Connecting,165.88,
A409,c,A409c,4,20170611,Ambient,No Heterotrophy,AN,22,20171129,1,-0.3,Polyp,594.36,
A409,c,A409c,4,20170611,Ambient,No Heterotrophy,AN,22,20171129,1,-0.3,Polyp,678.43,
A409,c,A409c,4,20170611,Ambient,No Heterotrophy,AN,22,20171129,1,-0.3,Connecting,315.31,
A409,c,A409c,4,20170611,Ambient,No Heterotrophy,AN,22,20171129,1,-0.3,Connecting,281.85,
A409,c,A409c,4,20170611,Ambient,No Heterotrophy,AN,22,20171129,2,0.1,Polyp,805.19,
A409,c,A409c,4,20170611,Ambient,No Heterotrophy,AN,22,20171129,2,0.1,Polyp,706.73,
A409,c,A409c,4,20170611,Ambient,No Heterotrophy,AN,22,20171129,2,0.1,Connecting,322.53,
A409,c,A409c,4,20170611,Ambient,No Heterotrophy,AN,22,20171129,3,-0.46,Polyp,822.01,
A409,c,A409c,4,20170611,Ambient,No Heterotrophy,AN,22,20171129,3,-0.46,Connecting,295.94,
A409,c,A409c,4,20170611,Ambient,No Heterotrophy,AN,22,20171129,3,-0.46,Connecting,358.54,
A409,d,A409d,3,20170611,Ambient,No Heterotrophy,AN,22,20171129,1,0.09,Polyp,669.74,
A409,d,A409d,3,20170611,Ambient,No Heterotrophy,AN,22,20171129,1,0.09,Polyp,755.86,
A409,d,A409d,3,20170611,Ambient,No Heterotrophy,AN,22,20171129,1,0.09,Connecting,287.72,
A409,d,A409d,3,20170611,Ambient,No Heterotrophy,AN,22,20171129,1,0.09,Connecting,284.84,
A409,e,A409e,6,20170611,Ambient,No Heterotrophy,AN,22,20171129,1,0.15,Polyp,728.68,
A409,e,A409e,6,20170611,Ambient,No Heterotrophy,AN,22,20171129,1,0.15,Polyp,778.28,
A409,e,A409e,6,20170611,Ambient,No Heterotrophy,AN,22,20171129,1,0.15,Connecting,176.41,
A409,e,A409e,6,20170611,Ambient,No Heterotrophy,AN,22,20171129,1,0.15,Connecting,279.61,
A409,e,A409e,6,20170611,Ambient,No Heterotrophy,AN,22,20171129,1,0.15,Connecting,268.38,
A409,e,A409e,6,20170611,Ambient,No Heterotrophy,AN,22,20171129,2,-0.43,Polyp,855.4,
A409,e,A409e,6,20170611,Ambient,No Heterotrophy,AN,22,20171129,2,-0.43,Polyp,904.01,
A409,e,A409e,6,20170611,Ambient,No Heterotrophy,AN,22,20171129,2,-0.43,Connecting,316.93,
A409,e,A409e,6,20170611,Ambient,No Heterotrophy,AN,22,20171129,2,-0.43,Connecting,454.01,
A409,e,A409e,6,20170611,Ambient,No Heterotrophy,AN,22,20171129,2,-0.43,Connecting,287.06,
A045,a,A045a,11,201707609,Cool,Heterotrophy,CH,24,20171119,1,0.5,Connecting,836.03,
A045,a,A045a,11,201707609,Cool,Heterotrophy,CH,24,20171119,1,0.5,Connecting,567.1,
A045,a,A045a,11,201707609,Cool,Heterotrophy,CH,24,20171119,1,0.5,Connecting,709.13,
A045,a,A045a,11,201707609,Cool,Heterotrophy,CH,24,20171119,2,-0.02,Polyp,1038.62,
A045,a,A045a,11,201707609,Cool,Heterotrophy,CH,24,20171119,2,-0.02,Polyp,1030.72,
A045,a,A045a,11,201707609,Cool,Heterotrophy,CH,24,20171119,2,-0.02,Connecting,743.59,
A045,a,A045a,11,201707609,Cool,Heterotrophy,CH,24,20171119,2,-0.02,Connecting,933.72,
A045,a,A045a,11,201707609,Cool,Heterotrophy,CH,24,20171119,2,-0.02,Connecting,589.4,
A045,a,A045a,11,201707609,Cool,Heterotrophy,CH,24,20171119,3,-0.38,Polyp,732.64,
A045,a,A045a,11,201707609,Cool,Heterotrophy,CH,24,20171119,3,-0.38,Polyp,675.23,
A045,a,A045a,11,201707609,Cool,Heterotrophy,CH,24,20171119,3,-0.38,Connecting,608.87,
A045,a,A045a,11,201707609,Cool,Heterotrophy,CH,24,20171119,3,-0.38,Connecting,552.23,
A045,a,A045a,11,201707609,Cool,Heterotrophy,CH,24,20171119,3,-0.38,Connecting,763.03,
A139,a,A139a,7,20170609,Cool,Heterotrophy,CH,17,20171119,1,-0.19,Polyp,695.68,
A139,a,A139a,7,20170609,Cool,Heterotrophy,CH,17,20171119,1,-0.19,Polyp,694.72,
A139,a,A139a,7,20170609,Cool,Heterotrophy,CH,17,20171119,1,-0.19,Connecting,334.12,
A139,a,A139a,7,20170609,Cool,Heterotrophy,CH,17,20171119,1,-0.19,Connecting,454.08,
A139,a,A139a,7,20170609,Cool,Heterotrophy,CH,17,20171119,1,-0.19,Connecting,476.63,
A139,a,A139a,7,20170609,Cool,Heterotrophy,CH,17,20171119,2,0.11,Polyp,874.09,
A139,a,A139a,7,20170609,Cool,Heterotrophy,CH,17,20171119,2,0.11,Polyp,1045.89,
A139,a,A139a,7,20170609,Cool,Heterotrophy,CH,17,20171119,2,0.11,Connecting,539.86,
A139,a,A139a,7,20170609,Cool,Heterotrophy,CH,17,20171119,2,0.11,Connecting,559.59,
A139,a,A139a,7,20170609,Cool,Heterotrophy,CH,17,20171119,2,0.11,Connecting,315.57,
A139,a,A139a,7,20170609,Cool,Heterotrophy,CH,17,20171119,3,0.23,Polyp,802.88,
A139,a,A139a,7,20170609,Cool,Heterotrophy,CH,17,20171119,3,0.23,Polyp,672.42,
A139,a,A139a,7,20170609,Cool,Heterotrophy,CH,17,20171119,3,0.23,Polyp,553.94,
A139,a,A139a,7,20170609,Cool,Heterotrophy,CH,17,20171119,3,0.23,Connecting,325.29,
A139,a,A139a,7,20170609,Cool,Heterotrophy,CH,17,20171119,3,0.23,Connecting,341.34,
A139,b,A139b,3,20170609,Cool,Heterotrophy,CH,17,20171119,1,-0.1,Connecting,301.4,
A139,b,A139b,3,20170609,Cool,Heterotrophy,CH,17,20171119,1,-0.1,Connecting,264.88,
A139,b,A139b,3,20170609,Cool,Heterotrophy,CH,17,20171119,1,-0.1,Connecting,247.52,
A139,b,A139b,3,20170609,Cool,Heterotrophy,CH,17,20171119,2,0.22,Polyp,861.17,
A139,b,A139b,3,20170609,Cool,Heterotrophy,CH,17,20171119,2,0.22,Polyp,544.29,
A139,b,A139b,3,20170609,Cool,Heterotrophy,CH,17,20171119,2,0.22,Connecting,314.53,
A139,b,A139b,3,20170609,Cool,Heterotrophy,CH,17,20171119,2,0.22,Connecting,251.84,
A139,b,A139b,3,20170609,Cool,Heterotrophy,CH,17,20171119,2,0.22,Connecting,326.67,
A139,c,A139c,4,20170609,Cool,Heterotrophy,CH,17,20171119,1,-0.45,Polyp,1011.33,
A139,c,A139c,4,20170609,Cool,Heterotrophy,CH,17,20171119,1,-0.45,Polyp,894.32,
A139,c,A139c,4,20170609,Cool,Heterotrophy,CH,17,20171119,1,-0.45,Connecting,591.86,
A139,c,A139c,4,20170609,Cool,Heterotrophy,CH,17,20171119,1,-0.45,Connecting,839.6,
A139,c,A139c,4,20170609,Cool,Heterotrophy,CH,17,20171119,1,-0.45,Connecting,480.64,
A139,c,A139c,4,20170609,Cool,Heterotrophy,CH,17,20171119,2,-0.09,Polyp,1063.37,
A139,c,A139c,4,20170609,Cool,Heterotrophy,CH,17,20171119,2,-0.09,Polyp,1036.47,
A139,c,A139c,4,20170609,Cool,Heterotrophy,CH,17,20171119,2,-0.09,Connecting,829.11,
A139,c,A139c,4,20170609,Cool,Heterotrophy,CH,17,20171119,2,-0.09,Connecting,770.47,
A139,c,A139c,4,20170609,Cool,Heterotrophy,CH,17,20171119,2,-0.09,Connecting,549.63,
A139,c,A139c,4,20170609,Cool,Heterotrophy,CH,17,20171119,3,0.11,Polyp,943.72,
A139,c,A139c,4,20170609,Cool,Heterotrophy,CH,17,20171119,3,0.11,Polyp,771.57,
A139,c,A139c,4,20170609,Cool,Heterotrophy,CH,17,20171119,3,0.11,Connecting,728.84,
A139,c,A139c,4,20170609,Cool,Heterotrophy,CH,17,20171119,3,0.11,Connecting,618.94,
A139,c,A139c,4,20170609,Cool,Heterotrophy,CH,17,20171119,3,0.11,Connecting,441.9,
A140,a,A140a,6,20170609,Cool,Heterotrophy,CH,17,20171110,1,-0.38,Polyp,1150.6,
A140,a,A140a,6,20170609,Cool,Heterotrophy,CH,17,20171110,1,-0.38,Polyp,1001.18,
A140,a,A140a,6,20170609,Cool,Heterotrophy,CH,17,20171110,1,-0.38,Connecting,537.87,
A140,a,A140a,6,20170609,Cool,Heterotrophy,CH,17,20171110,1,-0.38,Connecting,449.29,
A140,a,A140a,6,20170609,Cool,Heterotrophy,CH,17,20171110,1,-0.38,Connecting,506.64,
A140,a,A140a,6,20170609,Cool,Heterotrophy,CH,17,20171110,2,-0.06,Polyp,905.96,
A140,a,A140a,6,20170609,Cool,Heterotrophy,CH,17,20171110,2,-0.06,Polyp,1162.29,
A140,a,A140a,6,20170609,Cool,Heterotrophy,CH,17,20171110,2,-0.06,Connecting,563,
A140,a,A140a,6,20170609,Cool,Heterotrophy,CH,17,20171110,2,-0.06,Connecting,574.76,
A140,a,A140a,6,20170609,Cool,Heterotrophy,CH,17,20171110,2,-0.06,Connecting,471.75,
A140,a,A140a,6,20170609,Cool,Heterotrophy,CH,17,20171110,3,0.15,Polyp,1387.76,
A140,a,A140a,6,20170609,Cool,Heterotrophy,CH,17,20171110,3,0.15,Polyp,1085.27,
A140,a,A140a,6,20170609,Cool,Heterotrophy,CH,17,20171110,3,0.15,Polyp,1238.88,
A140,a,A140a,6,20170609,Cool,Heterotrophy,CH,17,20171110,3,0.15,Polyp,1074.85,
A140,a,A140a,6,20170609,Cool,Heterotrophy,CH,17,20171110,3,0.15,Connecting,675.42,
A140,a,A140a,6,20170609,Cool,Heterotrophy,CH,17,20171110,3,0.15,Connecting,445.78,
A140,a,A140a,6,20170609,Cool,Heterotrophy,CH,17,20171110,3,0.15,Connecting,448.91,
A140,b,A140b,6,20170609,Cool,Heterotrophy,CH,17,20171110,1,-0.21,Polyp,809.3,
A140,b,A140b,6,20170609,Cool,Heterotrophy,CH,17,20171110,1,-0.21,Connecting,487.45,
A140,b,A140b,6,20170609,Cool,Heterotrophy,CH,17,20171110,1,-0.21,Connecting,481.85,
A140,b,A140b,6,20170609,Cool,Heterotrophy,CH,17,20171110,1,-0.21,Connecting,392.09,
A140,b,A140b,6,20170609,Cool,Heterotrophy,CH,17,20171110,2,0.01,Polyp,969.22,
A140,b,A140b,6,20170609,Cool,Heterotrophy,CH,17,20171110,2,0.01,Polyp,884.66,
A140,b,A140b,6,20170609,Cool,Heterotrophy,CH,17,20171110,2,0.01,Connecting,540.31,
A140,b,A140b,6,20170609,Cool,Heterotrophy,CH,17,20171110,2,0.01,Connecting,514.77,
A140,b,A140b,6,20170609,Cool,Heterotrophy,CH,17,20171110,2,0.01,Connecting,587.72,
A140,b,A140b,6,20170609,Cool,Heterotrophy,CH,17,20171110,3,0.12,Polyp,944.43,
A140,b,A140b,6,20170609,Cool,Heterotrophy,CH,17,20171110,3,0.12,Polyp,864.39,
A140,b,A140b,6,20170609,Cool,Heterotrophy,CH,17,20171110,3,0.12,Connecting,395.55,
A140,b,A140b,6,20170609,Cool,Heterotrophy,CH,17,20171110,3,0.12,Connecting,532.31,
A140,b,A140b,6,20170609,Cool,Heterotrophy,CH,17,20171110,3,0.12,Connecting,492.59,
A163,a,A163a,7,20170609,Cool,Heterotrophy,CH,19,20171129,1,-0.25,Connecting,769.92,
A163,a,A163a,7,20170609,Cool,Heterotrophy,CH,19,20171129,1,-0.25,Connecting,729.03,
A163,a,A163a,7,20170609,Cool,Heterotrophy,CH,19,20171129,1,-0.25,Connecting,775.84,
A163,a,A163a,7,20170609,Cool,Heterotrophy,CH,19,20171129,2,0,Polyp,671.31,
A163,a,A163a,7,20170609,Cool,Heterotrophy,CH,19,20171129,2,0,Polyp,1139.79,
A163,a,A163a,7,20170609,Cool,Heterotrophy,CH,19,20171129,2,0,Connecting,736.9,
A163,a,A163a,7,20170609,Cool,Heterotrophy,CH,19,20171129,2,0,Connecting,540.94,
A163,a,A163a,7,20170609,Cool,Heterotrophy,CH,19,20171129,2,0,Connecting,695.21,
A163,a,A163a,7,20170609,Cool,Heterotrophy,CH,19,20171129,3,0.45,Polyp,888.39,
A163,a,A163a,7,20170609,Cool,Heterotrophy,CH,19,20171129,3,0.45,Polyp,1098.56,
A163,a,A163a,7,20170609,Cool,Heterotrophy,CH,19,20171129,3,0.45,Connecting,653.37,
A163,a,A163a,7,20170609,Cool,Heterotrophy,CH,19,20171129,3,0.45,Connecting,671.53,
A163,a,A163a,7,20170609,Cool,Heterotrophy,CH,19,20171129,3,0.45,Connecting,732.84,
A333,a,A333a,15,20170610,Cool,Heterotrophy,CH,24,20171106,1,-0.29,Polyp,949.85,
A333,a,A333a,15,20170610,Cool,Heterotrophy,CH,24,20171106,1,-0.29,Polyp,930.69,
A333,a,A333a,15,20170610,Cool,Heterotrophy,CH,24,20171106,1,-0.29,Connecting,682.75,
A333,a,A333a,15,20170610,Cool,Heterotrophy,CH,24,20171106,1,-0.29,Connecting,487.65,
A333,a,A333a,15,20170610,Cool,Heterotrophy,CH,24,20171106,1,-0.29,Connecting,641.17,
A333,a,A333a,15,20170610,Cool,Heterotrophy,CH,24,20171106,2,0.01,Polyp,922.67,
A333,a,A333a,15,20170610,Cool,Heterotrophy,CH,24,20171106,2,0.01,Polyp,753.15,
A333,a,A333a,15,20170610,Cool,Heterotrophy,CH,24,20171106,2,0.01,Polyp,780.95,
A333,a,A333a,15,20170610,Cool,Heterotrophy,CH,24,20171106,2,0.01,Connecting,513.98,
A333,a,A333a,15,20170610,Cool,Heterotrophy,CH,24,20171106,2,0.01,Connecting,432.96,
A333,a,A333a,15,20170610,Cool,Heterotrophy,CH,24,20171106,2,0.01,Connecting,600.64,
A333,a,A333a,15,20170610,Cool,Heterotrophy,CH,24,20171106,3,0.5,Polyp,699.75,
A333,a,A333a,15,20170610,Cool,Heterotrophy,CH,24,20171106,3,0.5,Polyp,935.02,
A333,a,A333a,15,20170610,Cool,Heterotrophy,CH,24,20171106,3,0.5,Connecting,880.26,
A333,a,A333a,15,20170610,Cool,Heterotrophy,CH,24,20171106,3,0.5,Connecting,435.53,
A333,a,A333a,15,20170610,Cool,Heterotrophy,CH,24,20171106,3,0.5,Connecting,728.57,
A333,b,A333b,3,20170610,Cool,Heterotrophy,CH,24,20171106,1,-0.31,Connecting,501.66,
A333,b,A333b,3,20170610,Cool,Heterotrophy,CH,24,20171106,1,-0.31,Connecting,383.63,
A333,b,A333b,3,20170610,Cool,Heterotrophy,CH,24,20171106,1,-0.31,Connecting,426.44,
A333,b,A333b,3,20170610,Cool,Heterotrophy,CH,24,20171106,2,-0.08,Polyp,924.96,
A333,b,A333b,3,20170610,Cool,Heterotrophy,CH,24,20171106,2,-0.08,Connecting,425.43,
A333,b,A333b,3,20170610,Cool,Heterotrophy,CH,24,20171106,2,-0.08,Connecting,460.45,
A333,b,A333b,3,20170610,Cool,Heterotrophy,CH,24,20171106,2,-0.08,Connecting,398.63,
A333,b,A333b,3,20170610,Cool,Heterotrophy,CH,24,20171106,3,0.3,Polyp,637.48,
A333,b,A333b,3,20170610,Cool,Heterotrophy,CH,24,20171106,3,0.3,Polyp,799.52,
A333,b,A333b,3,20170610,Cool,Heterotrophy,CH,24,20171106,3,0.3,Connecting,619.66,
A333,b,A333b,3,20170610,Cool,Heterotrophy,CH,24,20171106,3,0.3,Connecting,583.86,
A333,b,A333b,3,20170610,Cool,Heterotrophy,CH,24,20171106,3,0.3,Connecting,499,
A336,a,A336a,6,20170610,Cool,Heterotrophy,CH,24,20171212,1,-0.27,Polyp,788.09,
A336,a,A336a,6,20170610,Cool,Heterotrophy,CH,24,20171212,1,-0.27,Connecting,747.74,
A336,a,A336a,6,20170610,Cool,Heterotrophy,CH,24,20171212,1,-0.27,Connecting,544.78,
A336,a,A336a,6,20170610,Cool,Heterotrophy,CH,24,20171212,1,-0.27,Connecting,903.26,
A336,a,A336a,6,20170610,Cool,Heterotrophy,CH,24,20171212,2,-0.04,Polyp,1072.43,
A336,a,A336a,6,20170610,Cool,Heterotrophy,CH,24,20171212,2,-0.04,Polyp,816.16,
A336,a,A336a,6,20170610,Cool,Heterotrophy,CH,24,20171212,2,-0.04,Connecting,695.9,
A336,a,A336a,6,20170610,Cool,Heterotrophy,CH,24,20171212,2,-0.04,Connecting,794.85,
A336,a,A336a,6,20170610,Cool,Heterotrophy,CH,24,20171212,2,-0.04,Connecting,868.26,
A336,a,A336a,6,20170610,Cool,Heterotrophy,CH,24,20171212,3,0.26,Polyp,804.89,
A336,a,A336a,6,20170610,Cool,Heterotrophy,CH,24,20171212,3,0.26,Polyp,1063.85,
A336,a,A336a,6,20170610,Cool,Heterotrophy,CH,24,20171212,3,0.26,Connecting,891.3,
A336,a,A336a,6,20170610,Cool,Heterotrophy,CH,24,20171212,3,0.26,Connecting,602.24,
A336,a,A336a,6,20170610,Cool,Heterotrophy,CH,24,20171212,3,0.26,Connecting,808.69,
A336,b,A336b,1,20170610,Cool,Heterotrophy,CH,24,20171212,1,-0.06,Polyp,679.99,
A336,b,A336b,1,20170610,Cool,Heterotrophy,CH,24,20171212,1,-0.06,Polyp,633.43,
A336,b,A336b,1,20170610,Cool,Heterotrophy,CH,24,20171212,1,-0.06,Connecting,616.09,
A336,b,A336b,1,20170610,Cool,Heterotrophy,CH,24,20171212,1,-0.06,Connecting,448.5,
A336,c,A336c,5,20170610,Cool,Heterotrophy,CH,24,20171212,1,-0.39,Polyp,851.41,
A336,c,A336c,5,20170610,Cool,Heterotrophy,CH,24,20171212,1,-0.39,Connecting,606.63,
A336,c,A336c,5,20170610,Cool,Heterotrophy,CH,24,20171212,1,-0.39,Connecting,546.15,
A336,c,A336c,5,20170610,Cool,Heterotrophy,CH,24,20171212,2,0.02,Connecting,721.82,
A336,c,A336c,5,20170610,Cool,Heterotrophy,CH,24,20171212,2,0.02,Connecting,737.05,
A336,c,A336c,5,20170610,Cool,Heterotrophy,CH,24,20171212,2,0.02,Connecting,592.54,
A336,c,A336c,5,20170610,Cool,Heterotrophy,CH,24,20171212,3,0.15,Polyp,707.31,
A336,c,A336c,5,20170610,Cool,Heterotrophy,CH,24,20171212,3,0.15,Connecting,420.19,
A336,c,A336c,5,20170610,Cool,Heterotrophy,CH,24,20171212,3,0.15,Connecting,564.39,
A336,c,A336c,5,20170610,Cool,Heterotrophy,CH,24,20171212,3,0.15,Connecting,649.79,
A336,d,A336d,1,20170610,Cool,Heterotrophy,CH,24,20171212,1,0.13,Polyp,803.17,
A336,d,A336d,1,20170610,Cool,Heterotrophy,CH,24,20171212,1,0.13,Polyp,766.9,
A336,d,A336d,1,20170610,Cool,Heterotrophy,CH,24,20171212,1,0.13,Connecting,587.22,
A336,d,A336d,1,20170610,Cool,Heterotrophy,CH,24,20171212,1,0.13,Connecting,521.82,
A336,d,A336d,1,20170610,Cool,Heterotrophy,CH,24,20171212,1,0.13,Connecting,479.99,
A336,e,A336e,1,20170610,Cool,Heterotrophy,CH,24,20171212,1,0.07,Polyp,762.43,
A336,e,A336e,1,20170610,Cool,Heterotrophy,CH,24,20171212,1,0.07,Polyp,845.27,
A336,e,A336e,1,20170610,Cool,Heterotrophy,CH,24,20171212,1,0.07,Connecting,520.59,
A336,e,A336e,1,20170610,Cool,Heterotrophy,CH,24,20171212,1,0.07,Connecting,615.24,
A368,a,A368a,10,20170610,Cool,Heterotrophy,CH,19,20171106,1,-0.6,Polyp,1071.21,
A368,a,A368a,10,20170610,Cool,Heterotrophy,CH,19,20171106,1,-0.6,Polyp,916.84,
A368,a,A368a,10,20170610,Cool,Heterotrophy,CH,19,20171106,1,-0.6,Connecting,435.85,
A368,a,A368a,10,20170610,Cool,Heterotrophy,CH,19,20171106,1,-0.6,Connecting,63.05,
A368,a,A368a,10,20170610,Cool,Heterotrophy,CH,19,20171106,1,-0.6,Connecting,394.45,
A368,a,A368a,10,20170610,Cool,Heterotrophy,CH,19,20171106,2,0.14,Polyp,743.06,
A368,a,A368a,10,20170610,Cool,Heterotrophy,CH,19,20171106,2,0.14,Polyp,756.31,
A368,a,A368a,10,20170610,Cool,Heterotrophy,CH,19,20171106,2,0.14,Connecting,509.91,
A368,a,A368a,10,20170610,Cool,Heterotrophy,CH,19,20171106,2,0.14,Connecting,491.58,
A368,a,A368a,10,20170610,Cool,Heterotrophy,CH,19,20171106,2,0.14,Connecting,596.8,
A368,a,A368a,10,20170610,Cool,Heterotrophy,CH,19,20171106,3,0.55,Polyp,1059.22,
A368,a,A368a,10,20170610,Cool,Heterotrophy,CH,19,20171106,3,0.55,Polyp,1099.79,
A368,a,A368a,10,20170610,Cool,Heterotrophy,CH,19,20171106,3,0.55,Connecting,457.13,
A368,a,A368a,10,20170610,Cool,Heterotrophy,CH,19,20171106,3,0.55,Connecting,466.77,
A368,a,A368a,10,20170610,Cool,Heterotrophy,CH,19,20171106,3,0.55,Connecting,563.65,
A368,b,A368b,4,20170610,Cool,Heterotrophy,CH,19,20171106,1,-0.26,Polyp,915.24,
A368,b,A368b,4,20170610,Cool,Heterotrophy,CH,19,20171106,1,-0.26,Polyp,1010.26,
A368,b,A368b,4,20170610,Cool,Heterotrophy,CH,19,20171106,1,-0.26,Connecting,556.38,
A368,b,A368b,4,20170610,Cool,Heterotrophy,CH,19,20171106,1,-0.26,Connecting,432.49,
A368,b,A368b,4,20170610,Cool,Heterotrophy,CH,19,20171106,1,-0.26,Connecting,439.54,
A368,b,A368b,4,20170610,Cool,Heterotrophy,CH,19,20171106,2,-0.19,Polyp,776.57,
A368,b,A368b,4,20170610,Cool,Heterotrophy,CH,19,20171106,2,-0.19,Polyp,760.06,
A368,b,A368b,4,20170610,Cool,Heterotrophy,CH,19,20171106,2,-0.19,Connecting,536,
A368,b,A368b,4,20170610,Cool,Heterotrophy,CH,19,20171106,2,-0.19,Connecting,509.34,
A368,b,A368b,4,20170610,Cool,Heterotrophy,CH,19,20171106,2,-0.19,Connecting,516.19,
A368,b,A368b,4,20170610,Cool,Heterotrophy,CH,19,20171106,3,0.2,Polyp,950.92,
A368,b,A368b,4,20170610,Cool,Heterotrophy,CH,19,20171106,3,0.2,Polyp,624.95,
A368,b,A368b,4,20170610,Cool,Heterotrophy,CH,19,20171106,3,0.2,Connecting,431.42,
A368,b,A368b,4,20170610,Cool,Heterotrophy,CH,19,20171106,3,0.2,Connecting,649.24,
A368,b,A368b,4,20170610,Cool,Heterotrophy,CH,19,20171106,3,0.2,Connecting,519.92,
A497,a,A497a,4,20170611,Cool,Heterotrophy,CH,17,20171119,1,-0.15,Polyp,703.67,
A497,a,A497a,4,20170611,Cool,Heterotrophy,CH,17,20171119,1,-0.15,Polyp,653.34,
A497,a,A497a,4,20170611,Cool,Heterotrophy,CH,17,20171119,1,-0.15,Connecting,384.24,
A497,a,A497a,4,20170611,Cool,Heterotrophy,CH,17,20171119,1,-0.15,Connecting,470.6,
A497,a,A497a,4,20170611,Cool,Heterotrophy,CH,17,20171119,1,-0.15,Connecting,404.93,
A497,a,A497a,4,20170611,Cool,Heterotrophy,CH,17,20171119,2,0.1,Polyp,584.85,
A497,a,A497a,4,20170611,Cool,Heterotrophy,CH,17,20171119,2,0.1,Polyp,469.57,
A497,a,A497a,4,20170611,Cool,Heterotrophy,CH,17,20171119,2,0.1,Connecting,666.49,
A497,a,A497a,4,20170611,Cool,Heterotrophy,CH,17,20171119,2,0.1,Connecting,434.7,
A497,a,A497a,4,20170611,Cool,Heterotrophy,CH,17,20171119,2,0.1,Connecting,482.11,
A497,b,A497b,3,20170611,Cool,Heterotrophy,CH,17,20171119,1,-0.18,Polyp,790.79,
A497,b,A497b,3,20170611,Cool,Heterotrophy,CH,17,20171119,1,-0.18,Polyp,880.23,
A497,b,A497b,3,20170611,Cool,Heterotrophy,CH,17,20171119,1,-0.18,Connecting,751.49,
A497,b,A497b,3,20170611,Cool,Heterotrophy,CH,17,20171119,1,-0.18,Connecting,504.43,
A497,b,A497b,3,20170611,Cool,Heterotrophy,CH,17,20171119,1,-0.18,Connecting,712.31,
A497,b,A497b,3,20170611,Cool,Heterotrophy,CH,17,20171119,2,0.2,Polyp,830.57,
A497,b,A497b,3,20170611,Cool,Heterotrophy,CH,17,20171119,2,0.2,Polyp,1001.08,
A497,b,A497b,3,20170611,Cool,Heterotrophy,CH,17,20171119,2,0.2,Connecting,623.74,
A497,b,A497b,3,20170611,Cool,Heterotrophy,CH,17,20171119,2,0.2,Connecting,460.53,
A497,b,A497b,3,20170611,Cool,Heterotrophy,CH,17,20171119,2,0.2,Connecting,413.58,
A497,c,A497c,5,20170611,Cool,Heterotrophy,CH,17,20171119,1,0.34,Polyp,622.45,
A497,c,A497c,5,20170611,Cool,Heterotrophy,CH,17,20171119,1,0.34,Polyp,614.3,
A497,c,A497c,5,20170611,Cool,Heterotrophy,CH,17,20171119,1,0.34,Connecting,311.79,
A497,c,A497c,5,20170611,Cool,Heterotrophy,CH,17,20171119,1,0.34,Connecting,308.9,
A497,c,A497c,5,20170611,Cool,Heterotrophy,CH,17,20171119,1,0.34,Connecting,296.27,
A497,c,A497c,5,20170611,Cool,Heterotrophy,CH,17,20171119,2,-0.03,Polyp,740.97,
A497,c,A497c,5,20170611,Cool,Heterotrophy,CH,17,20171119,2,-0.03,Polyp,690.05,
A497,c,A497c,5,20170611,Cool,Heterotrophy,CH,17,20171119,2,-0.03,Polyp,695.56,
A497,c,A497c,5,20170611,Cool,Heterotrophy,CH,17,20171119,2,-0.03,Connecting,277.97,
A497,c,A497c,5,20170611,Cool,Heterotrophy,CH,17,20171119,2,-0.03,Connecting,485.34,
A497,c,A497c,5,20170611,Cool,Heterotrophy,CH,17,20171119,2,-0.03,Connecting,526.22,
A497,c,A497c,5,20170611,Cool,Heterotrophy,CH,17,20171119,3,0.24,Polyp,788.11,
A497,c,A497c,5,20170611,Cool,Heterotrophy,CH,17,20171119,3,0.24,Connecting,315.44,
A497,c,A497c,5,20170611,Cool,Heterotrophy,CH,17,20171119,3,0.24,Connecting,650.53,
A497,c,A497c,5,20170611,Cool,Heterotrophy,CH,17,20171119,3,0.24,Connecting,238.51,
A535,a,A535a,11,20170612,Cool,Heterotrophy,CH,24,20171119,1,0.41,Polyp,673.7,
A535,a,A535a,11,20170612,Cool,Heterotrophy,CH,24,20171119,1,0.41,Polyp,709.48,
A535,a,A535a,11,20170612,Cool,Heterotrophy,CH,24,20171119,1,0.41,Connecting,453.41,
A535,a,A535a,11,20170612,Cool,Heterotrophy,CH,24,20171119,1,0.41,Connecting,666,
A535,a,A535a,11,20170612,Cool,Heterotrophy,CH,24,20171119,1,0.41,Connecting,504.81,
A535,a,A535a,11,20170612,Cool,Heterotrophy,CH,24,20171119,2,-0.13,Polyp,841.25,
A535,a,A535a,11,20170612,Cool,Heterotrophy,CH,24,20171119,2,-0.13,Polyp,749.03,
A535,a,A535a,11,20170612,Cool,Heterotrophy,CH,24,20171119,2,-0.13,Connecting,516.12,
A535,a,A535a,11,20170612,Cool,Heterotrophy,CH,24,20171119,2,-0.13,Connecting,788.45,
A535,a,A535a,11,20170612,Cool,Heterotrophy,CH,24,20171119,2,-0.13,Connecting,403.52,
A535,a,A535a,11,20170612,Cool,Heterotrophy,CH,24,20171119,3,-0.22,Polyp,1152.21,
A535,a,A535a,11,20170612,Cool,Heterotrophy,CH,24,20171119,3,-0.22,Polyp,925.16,
A535,a,A535a,11,20170612,Cool,Heterotrophy,CH,24,20171119,3,-0.22,Connecting,626.88,
A535,a,A535a,11,20170612,Cool,Heterotrophy,CH,24,20171119,3,-0.22,Connecting,636.35,
A535,a,A535a,11,20170612,Cool,Heterotrophy,CH,24,20171119,3,-0.22,Connecting,410,
A535,b,A535b,5,20170612,Cool,Heterotrophy,CH,24,20171119,1,-0.35,Polyp,756.15,
A535,b,A535b,5,20170612,Cool,Heterotrophy,CH,24,20171119,1,-0.35,Polyp,909.57,
A535,b,A535b,5,20170612,Cool,Heterotrophy,CH,24,20171119,1,-0.35,Connecting,381.16,
A535,b,A535b,5,20170612,Cool,Heterotrophy,CH,24,20171119,1,-0.35,Connecting,320.56,
A535,b,A535b,5,20170612,Cool,Heterotrophy,CH,24,20171119,1,-0.35,Connecting,208.04,
A535,b,A535b,5,20170612,Cool,Heterotrophy,CH,24,20171119,2,-0.18,Polyp,753.14,
A535,b,A535b,5,20170612,Cool,Heterotrophy,CH,24,20171119,2,-0.18,Connecting,347.95,
A535,b,A535b,5,20170612,Cool,Heterotrophy,CH,24,20171119,2,-0.18,Connecting,289.32,
A535,b,A535b,5,20170612,Cool,Heterotrophy,CH,24,20171119,2,-0.18,Connecting,246.82,
A535,b,A535b,5,20170612,Cool,Heterotrophy,CH,24,20171119,3,0.37,Polyp,1107.48,
A535,b,A535b,5,20170612,Cool,Heterotrophy,CH,24,20171119,3,0.37,Polyp,951.21,
A535,b,A535b,5,20170612,Cool,Heterotrophy,CH,24,20171119,3,0.37,Connecting,399.44,
A535,b,A535b,5,20170612,Cool,Heterotrophy,CH,24,20171119,3,0.37,Connecting,418.99,
A535,b,A535b,5,20170612,Cool,Heterotrophy,CH,24,20171119,3,0.37,Connecting,424.43,
A535,c,A535c,1,20170612,Cool,Heterotrophy,CH,24,20171119,1,0.1,Polyp,455.38,
A535,c,A535c,1,20170612,Cool,Heterotrophy,CH,24,20171119,1,0.1,Polyp,367.32,
A535,c,A535c,1,20170612,Cool,Heterotrophy,CH,24,20171119,1,0.1,Connecting,384.74,
A535,c,A535c,1,20170612,Cool,Heterotrophy,CH,24,20171119,1,0.1,Connecting,204.04,
A535,d,A535d,6,20170612,Cool,Heterotrophy,CH,24,20171119,1,0.4,Polyp,958.17,
A535,d,A535d,6,20170612,Cool,Heterotrophy,CH,24,20171119,1,0.4,Polyp,801.55,
A535,d,A535d,6,20170612,Cool,Heterotrophy,CH,24,20171119,1,0.4,Connecting,581.47,
A535,d,A535d,6,20170612,Cool,Heterotrophy,CH,24,20171119,1,0.4,Connecting,637.19,
A535,d,A535d,6,20170612,Cool,Heterotrophy,CH,24,20171119,1,0.4,Connecting,614.85,
A535,d,A535d,6,20170612,Cool,Heterotrophy,CH,24,20171119,2,0.08,Polyp,565.34,
A535,d,A535d,6,20170612,Cool,Heterotrophy,CH,24,20171119,2,0.08,Polyp,541.7,
A535,d,A535d,6,20170612,Cool,Heterotrophy,CH,24,20171119,2,0.08,Connecting,498.06,
A535,d,A535d,6,20170612,Cool,Heterotrophy,CH,24,20171119,2,0.08,Connecting,516.52,
A535,d,A535d,6,20170612,Cool,Heterotrophy,CH,24,20171119,2,0.08,Connecting,479.24,
A535,d,A535d,6,20170612,Cool,Heterotrophy,CH,24,20171119,3,0.39,Polyp,770.91,
A535,d,A535d,6,20170612,Cool,Heterotrophy,CH,24,20171119,3,0.39,Polyp,927.85,
A535,d,A535d,6,20170612,Cool,Heterotrophy,CH,24,20171119,3,0.39,Connecting,358.35,
A535,d,A535d,6,20170612,Cool,Heterotrophy,CH,24,20171119,3,0.39,Connecting,699.28,
A535,d,A535d,6,20170612,Cool,Heterotrophy,CH,24,20171119,3,0.39,Connecting,521.12,
A070,a,A070a,10,20170609,Cool,No Heterotrophy,CN,20,20171119,1,-0.45,Connecting,420.79,
A070,a,A070a,10,20170609,Cool,No Heterotrophy,CN,20,20171119,1,-0.45,Connecting,382.38,
A070,a,A070a,10,20170609,Cool,No Heterotrophy,CN,20,20171119,1,-0.45,Connecting,257.15,
A070,a,A070a,10,20170609,Cool,No Heterotrophy,CN,20,20171119,2,0.07,Polyp,888.73,
A070,a,A070a,10,20170609,Cool,No Heterotrophy,CN,20,20171119,2,0.07,Polyp,845.69,
A070,a,A070a,10,20170609,Cool,No Heterotrophy,CN,20,20171119,2,0.07,Connecting,452.99,
A070,a,A070a,10,20170609,Cool,No Heterotrophy,CN,20,20171119,2,0.07,Connecting,325.33,
A070,a,A070a,10,20170609,Cool,No Heterotrophy,CN,20,20171119,2,0.07,Connecting,491.31,
A070,a,A070a,10,20170609,Cool,No Heterotrophy,CN,20,20171119,3,0.36,Polyp,1096.82,
A070,a,A070a,10,20170609,Cool,No Heterotrophy,CN,20,20171119,3,0.36,Polyp,925.03,
A070,a,A070a,10,20170609,Cool,No Heterotrophy,CN,20,20171119,3,0.36,Connecting,451.49,
A070,a,A070a,10,20170609,Cool,No Heterotrophy,CN,20,20171119,3,0.36,Connecting,811.9,
A070,a,A070a,10,20170609,Cool,No Heterotrophy,CN,20,20171119,3,0.36,Connecting,483.98,
A119,a,A119a,11,20170609,Cool,No Heterotrophy,CN,13,20171119,1,-0.66,Polyp,933.12,
A119,a,A119a,11,20170609,Cool,No Heterotrophy,CN,13,20171119,1,-0.66,Polyp,598.57,
A119,a,A119a,11,20170609,Cool,No Heterotrophy,CN,13,20171119,1,-0.66,Connecting,428.49,
A119,a,A119a,11,20170609,Cool,No Heterotrophy,CN,13,20171119,1,-0.66,Connecting,266.13,
A119,a,A119a,11,20170609,Cool,No Heterotrophy,CN,13,20171119,1,-0.66,Connecting,358.88,
A119,a,A119a,11,20170609,Cool,No Heterotrophy,CN,13,20171119,2,0.2,Polyp,849.06,
A119,a,A119a,11,20170609,Cool,No Heterotrophy,CN,13,20171119,2,0.2,Polyp,574.46,
A119,a,A119a,11,20170609,Cool,No Heterotrophy,CN,13,20171119,2,0.2,Connecting,487.51,
A119,a,A119a,11,20170609,Cool,No Heterotrophy,CN,13,20171119,2,0.2,Connecting,513.14,
A119,a,A119a,11,20170609,Cool,No Heterotrophy,CN,13,20171119,2,0.2,Connecting,318.7,
A119,a,A119a,11,20170609,Cool,No Heterotrophy,CN,13,20171119,3,0.51,Polyp,1001.17,
A119,a,A119a,11,20170609,Cool,No Heterotrophy,CN,13,20171119,3,0.51,Polyp,422.05,
A119,a,A119a,11,20170609,Cool,No Heterotrophy,CN,13,20171119,3,0.51,Connecting,314.46,
A119,a,A119a,11,20170609,Cool,No Heterotrophy,CN,13,20171119,3,0.51,Connecting,407,
A119,a,A119a,11,20170609,Cool,No Heterotrophy,CN,13,20171119,3,0.51,Connecting,277.14,
A126,a,A126a,10,20170609,Cool,No Heterotrophy,CN,13,20171110,1,-0.44,Connecting,585.24,
A126,a,A126a,10,20170609,Cool,No Heterotrophy,CN,13,20171110,1,-0.44,Connecting,440.41,
A126,a,A126a,10,20170609,Cool,No Heterotrophy,CN,13,20171110,1,-0.44,Connecting,333.78,
A126,a,A126a,10,20170609,Cool,No Heterotrophy,CN,13,20171110,2,-0.03,Polyp,754,
A126,a,A126a,10,20170609,Cool,No Heterotrophy,CN,13,20171110,2,-0.03,Polyp,694.28,
A126,a,A126a,10,20170609,Cool,No Heterotrophy,CN,13,20171110,2,-0.03,Connecting,481.43,
A126,a,A126a,10,20170609,Cool,No Heterotrophy,CN,13,20171110,2,-0.03,Connecting,405.06,
A126,a,A126a,10,20170609,Cool,No Heterotrophy,CN,13,20171110,2,-0.03,Connecting,515.15,
A126,a,A126a,10,20170609,Cool,No Heterotrophy,CN,13,20171110,3,0.18,Polyp,1095.57,
A126,a,A126a,10,20170609,Cool,No Heterotrophy,CN,13,20171110,3,0.18,Polyp,706.5,
A126,a,A126a,10,20170609,Cool,No Heterotrophy,CN,13,20171110,3,0.18,Connecting,591.59,
A126,a,A126a,10,20170609,Cool,No Heterotrophy,CN,13,20171110,3,0.18,Connecting,371.1,
A126,a,A126a,10,20170609,Cool,No Heterotrophy,CN,13,20171110,3,0.18,Connecting,463.95,
A307,a,A307a,5,20170610,Cool,No Heterotrophy,CN,20,20171110,1,-0.23,Polyp,926.83,
A307,a,A307a,5,20170610,Cool,No Heterotrophy,CN,20,20171110,1,-0.23,Connecting,554.62,
A307,a,A307a,5,20170610,Cool,No Heterotrophy,CN,20,20171110,1,-0.23,Connecting,511.04,
A307,a,A307a,5,20170610,Cool,No Heterotrophy,CN,20,20171110,1,-0.23,Connecting,486.52,
A307,a,A307a,5,20170610,Cool,No Heterotrophy,CN,20,20171110,2,0,Polyp,764.17,
A307,a,A307a,5,20170610,Cool,No Heterotrophy,CN,20,20171110,2,0,Polyp,817.89,
A307,a,A307a,5,20170610,Cool,No Heterotrophy,CN,20,20171110,2,0,Connecting,516.23,
A307,a,A307a,5,20170610,Cool,No Heterotrophy,CN,20,20171110,2,0,Connecting,773.27,
A307,a,A307a,5,20170610,Cool,No Heterotrophy,CN,20,20171110,2,0,Connecting,391.15,
A307,a,A307a,5,20170610,Cool,No Heterotrophy,CN,20,20171110,3,0.47,Polyp,739.24,
A307,a,A307a,5,20170610,Cool,No Heterotrophy,CN,20,20171110,3,0.47,Polyp,658.38,
A307,a,A307a,5,20170610,Cool,No Heterotrophy,CN,20,20171110,3,0.47,Connecting,356.45,
A307,a,A307a,5,20170610,Cool,No Heterotrophy,CN,20,20171110,3,0.47,Connecting,198.1,
A307,a,A307a,5,20170610,Cool,No Heterotrophy,CN,20,20171110,3,0.47,Connecting,161.69,
A307,b,A307b,4,20170610,Cool,No Heterotrophy,CN,20,20171110,1,-0.42,Polyp,459.06,
A307,b,A307b,4,20170610,Cool,No Heterotrophy,CN,20,20171110,1,-0.42,Polyp,438.67,
A307,b,A307b,4,20170610,Cool,No Heterotrophy,CN,20,20171110,1,-0.42,Connecting,230.1,
A307,b,A307b,4,20170610,Cool,No Heterotrophy,CN,20,20171110,1,-0.42,Connecting,212.82,
A307,b,A307b,4,20170610,Cool,No Heterotrophy,CN,20,20171110,1,-0.42,Connecting,282.34,
A307,b,A307b,4,20170610,Cool,No Heterotrophy,CN,20,20171110,2,-0.11,Polyp,776.97,
A307,b,A307b,4,20170610,Cool,No Heterotrophy,CN,20,20171110,2,-0.11,Polyp,839.85,
A307,b,A307b,4,20170610,Cool,No Heterotrophy,CN,20,20171110,2,-0.11,Connecting,468.81,
A307,b,A307b,4,20170610,Cool,No Heterotrophy,CN,20,20171110,2,-0.11,Connecting,604.99,
A307,b,A307b,4,20170610,Cool,No Heterotrophy,CN,20,20171110,2,-0.11,Connecting,467.41,
A307,b,A307b,4,20170610,Cool,No Heterotrophy,CN,20,20171110,3,0.24,Polyp,906.17,
A307,b,A307b,4,20170610,Cool,No Heterotrophy,CN,20,20171110,3,0.24,Polyp,548.83,
A307,b,A307b,4,20170610,Cool,No Heterotrophy,CN,20,20171110,3,0.24,Connecting,515.33,
A307,b,A307b,4,20170610,Cool,No Heterotrophy,CN,20,20171110,3,0.24,Connecting,573.15,
A307,b,A307b,4,20170610,Cool,No Heterotrophy,CN,20,20171110,3,0.24,Connecting,401.58,
A307,c,A307c,4,20170610,Cool,No Heterotrophy,CN,20,20171110,1,-0.33,Polyp,825.09,
A307,c,A307c,4,20170610,Cool,No Heterotrophy,CN,20,20171110,1,-0.33,Connecting,520.96,
A307,c,A307c,4,20170610,Cool,No Heterotrophy,CN,20,20171110,1,-0.33,Connecting,684.88,
A307,c,A307c,4,20170610,Cool,No Heterotrophy,CN,20,20171110,1,-0.33,Connecting,556.62,
A307,c,A307c,4,20170610,Cool,No Heterotrophy,CN,20,20171110,2,-0.06,Polyp,1049.02,
A307,c,A307c,4,20170610,Cool,No Heterotrophy,CN,20,20171110,2,-0.06,Polyp,760.7,
A307,c,A307c,4,20170610,Cool,No Heterotrophy,CN,20,20171110,2,-0.06,Connecting,389.51,
A307,c,A307c,4,20170610,Cool,No Heterotrophy,CN,20,20171110,2,-0.06,Connecting,415.99,
A307,c,A307c,4,20170610,Cool,No Heterotrophy,CN,20,20171110,2,-0.06,Connecting,366.79,
A307,c,A307c,4,20170610,Cool,No Heterotrophy,CN,20,20171110,3,0.14,Polyp,764.88,
A307,c,A307c,4,20170610,Cool,No Heterotrophy,CN,20,20171110,3,0.14,Polyp,924.25,
A307,c,A307c,4,20170610,Cool,No Heterotrophy,CN,20,20171110,3,0.14,Connecting,668.25,
A307,c,A307c,4,20170610,Cool,No Heterotrophy,CN,20,20171110,3,0.14,Connecting,730.61,
A307,c,A307c,4,20170610,Cool,No Heterotrophy,CN,20,20171110,3,0.14,Connecting,536.79,
A307,d,A307d,6,20170610,Cool,No Heterotrophy,CN,20,20171110,1,-0.52,Connecting,724.36,
A307,d,A307d,6,20170610,Cool,No Heterotrophy,CN,20,20171110,1,-0.52,Connecting,701.5,
A307,d,A307d,6,20170610,Cool,No Heterotrophy,CN,20,20171110,1,-0.52,Connecting,309.55,
A307,d,A307d,6,20170610,Cool,No Heterotrophy,CN,20,20171110,2,0.17,Polyp,925.06,
A307,d,A307d,6,20170610,Cool,No Heterotrophy,CN,20,20171110,2,0.17,Polyp,745.54,
A307,d,A307d,6,20170610,Cool,No Heterotrophy,CN,20,20171110,2,0.17,Connecting,420.41,
A307,d,A307d,6,20170610,Cool,No Heterotrophy,CN,20,20171110,2,0.17,Connecting,513.34,
A307,d,A307d,6,20170610,Cool,No Heterotrophy,CN,20,20171110,2,0.17,Connecting,307.29,
A307,d,A307d,6,20170610,Cool,No Heterotrophy,CN,20,20171110,3,0.47,Polyp,906.59,
A307,d,A307d,6,20170610,Cool,No Heterotrophy,CN,20,20171110,3,0.47,Polyp,971.35,
A307,d,A307d,6,20170610,Cool,No Heterotrophy,CN,20,20171110,3,0.47,Connecting,882.9,
A307,d,A307d,6,20170610,Cool,No Heterotrophy,CN,20,20171110,3,0.47,Connecting,735.6,
A307,d,A307d,6,20170610,Cool,No Heterotrophy,CN,20,20171110,3,0.47,Connecting,430.47,
A348,a,A348a,2,20170610,Cool,No Heterotrophy,CN,23,20171212,1,0.1,Polyp,725.32,
A348,a,A348a,2,20170610,Cool,No Heterotrophy,CN,23,20171212,1,0.1,Polyp,707.6,
A348,a,A348a,2,20170610,Cool,No Heterotrophy,CN,23,20171212,1,0.1,Connecting,385.05,
A348,a,A348a,2,20170610,Cool,No Heterotrophy,CN,23,20171212,1,0.1,Connecting,528.25,
A348,a,A348a,2,20170610,Cool,No Heterotrophy,CN,23,20171212,1,0.1,Connecting,545.51,
A348,b,A348b,2,20170610,Cool,No Heterotrophy,CN,23,20171212,1,0.15,Polyp,691.84,
A348,b,A348b,2,20170610,Cool,No Heterotrophy,CN,23,20171212,1,0.15,Polyp,614.1,
A348,b,A348b,2,20170610,Cool,No Heterotrophy,CN,23,20171212,1,0.15,Connecting,329.88,
A348,b,A348b,2,20170610,Cool,No Heterotrophy,CN,23,20171212,1,0.15,Connecting,263.54,
A348,b,A348b,2,20170610,Cool,No Heterotrophy,CN,23,20171212,1,0.15,Connecting,247.97,
A349,a,A349a,3,20170610,Cool,No Heterotrophy,CN,23,20171212,1,0.01,Polyp,750.61,
A349,a,A349a,3,20170610,Cool,No Heterotrophy,CN,23,20171212,1,0.01,Polyp,647.18,
A349,a,A349a,3,20170610,Cool,No Heterotrophy,CN,23,20171212,1,0.01,Connecting,300.82,
A349,a,A349a,3,20170610,Cool,No Heterotrophy,CN,23,20171212,1,0.01,Connecting,139.64,
A349,a,A349a,3,20170610,Cool,No Heterotrophy,CN,23,20171212,1,0.01,Connecting,313.69,
A349,b,A349b,2,20170610,Cool,No Heterotrophy,CN,23,20171212,1,-0.13,Polyp,636.94,
A349,b,A349b,2,20170610,Cool,No Heterotrophy,CN,23,20171212,1,-0.13,Polyp,917.02,
A349,b,A349b,2,20170610,Cool,No Heterotrophy,CN,23,20171212,1,-0.13,Connecting,506.38,
A349,b,A349b,2,20170610,Cool,No Heterotrophy,CN,23,20171212,1,-0.13,Connecting,151.46,
A349,b,A349b,2,20170610,Cool,No Heterotrophy,CN,23,20171212,1,-0.13,Connecting,467.92,
A349,b,A349b,2,20170610,Cool,No Heterotrophy,CN,23,20171212,2,0.25,Polyp,763.74,
A349,b,A349b,2,20170610,Cool,No Heterotrophy,CN,23,20171212,2,0.25,Polyp,648.83,
A349,b,A349b,2,20170610,Cool,No Heterotrophy,CN,23,20171212,2,0.25,Connecting,282.1,
A349,b,A349b,2,20170610,Cool,No Heterotrophy,CN,23,20171212,2,0.25,Connecting,334.33,
A349,b,A349b,2,20170610,Cool,No Heterotrophy,CN,23,20171212,2,0.25,Connecting,316.82,
A349,c,A349c,2,20170610,Cool,No Heterotrophy,CN,23,20171212,1,0.23,Polyp,776.87,
A349,c,A349c,2,20170610,Cool,No Heterotrophy,CN,23,20171212,1,0.23,Polyp,949.32,
A349,c,A349c,2,20170610,Cool,No Heterotrophy,CN,23,20171212,1,0.23,Connecting,590.21,
A349,c,A349c,2,20170610,Cool,No Heterotrophy,CN,23,20171212,1,0.23,Connecting,597.56,
A349,c,A349c,2,20170610,Cool,No Heterotrophy,CN,23,20171212,1,0.23,Connecting,383.26,
A349,c,A349c,2,20170610,Cool,No Heterotrophy,CN,23,20171212,1,0.23,Connecting,160.45,
A349,d,A349d,2,20170610,Cool,No Heterotrophy,CN,23,20171212,1,0.35,Polyp,671.68,
A349,d,A349d,2,20170610,Cool,No Heterotrophy,CN,23,20171212,1,0.35,Polyp,772.29,
A349,d,A349d,2,20170610,Cool,No Heterotrophy,CN,23,20171212,1,0.35,Connecting,416.56,
A349,d,A349d,2,20170610,Cool,No Heterotrophy,CN,23,20171212,1,0.35,Connecting,389.24,
A349,d,A349d,2,20170610,Cool,No Heterotrophy,CN,23,20171212,2,-0.1,Polyp,952.09,
A349,d,A349d,2,20170610,Cool,No Heterotrophy,CN,23,20171212,2,-0.1,Connecting,119.66,
A349,d,A349d,2,20170610,Cool,No Heterotrophy,CN,23,20171212,2,-0.1,Connecting,205.63,
A349,d,A349d,2,20170610,Cool,No Heterotrophy,CN,23,20171212,2,-0.1,Connecting,339.9,
A407,a,A407a,6,20170610,Cool,No Heterotrophy,CN,13,20171129,1,-0.42,Polyp,644.63,
A407,a,A407a,6,20170610,Cool,No Heterotrophy,CN,13,20171129,1,-0.42,Polyp,718.69,
A407,a,A407a,6,20170610,Cool,No Heterotrophy,CN,13,20171129,1,-0.42,Connecting,515.58,
A407,a,A407a,6,20170610,Cool,No Heterotrophy,CN,13,20171129,1,-0.42,Connecting,418.34,
A407,a,A407a,6,20170610,Cool,No Heterotrophy,CN,13,20171129,1,-0.42,Connecting,420.93,
A407,a,A407a,6,20170610,Cool,No Heterotrophy,CN,13,20171129,2,-0.05,Polyp,983.24,
A407,a,A407a,6,20170610,Cool,No Heterotrophy,CN,13,20171129,2,-0.05,Polyp,595.97,
A407,a,A407a,6,20170610,Cool,No Heterotrophy,CN,13,20171129,2,-0.05,Connecting,353.07,
A407,a,A407a,6,20170610,Cool,No Heterotrophy,CN,13,20171129,2,-0.05,Connecting,416.21,
A407,a,A407a,6,20170610,Cool,No Heterotrophy,CN,13,20171129,2,-0.05,Connecting,313.64,
A407,a,A407a,6,20170610,Cool,No Heterotrophy,CN,13,20171129,3,0.18,Polyp,723.8,
A407,a,A407a,6,20170610,Cool,No Heterotrophy,CN,13,20171129,3,0.18,Polyp,735.5,
A407,a,A407a,6,20170610,Cool,No Heterotrophy,CN,13,20171129,3,0.18,Connecting,572.87,
A407,a,A407a,6,20170610,Cool,No Heterotrophy,CN,13,20171129,3,0.18,Connecting,468.66,
A407,b,A407b,10,20170610,Cool,No Heterotrophy,CN,13,20171129,1,-0.71,Polyp,1062.48,
A407,b,A407b,10,20170610,Cool,No Heterotrophy,CN,13,20171129,1,-0.71,Connecting,530.6,
A407,b,A407b,10,20170610,Cool,No Heterotrophy,CN,13,20171129,1,-0.71,Connecting,605.87,
A407,b,A407b,10,20170610,Cool,No Heterotrophy,CN,13,20171129,1,-0.71,Connecting,384.81,
A407,b,A407b,10,20170610,Cool,No Heterotrophy,CN,13,20171129,2,0.26,Polyp,912.7,
A407,b,A407b,10,20170610,Cool,No Heterotrophy,CN,13,20171129,2,0.26,Polyp,1001.95,
A407,b,A407b,10,20170610,Cool,No Heterotrophy,CN,13,20171129,2,0.26,Connecting,486.32,
A407,b,A407b,10,20170610,Cool,No Heterotrophy,CN,13,20171129,2,0.26,Connecting,417.37,
A407,b,A407b,10,20170610,Cool,No Heterotrophy,CN,13,20171129,2,0.26,Connecting,460.92,
A407,b,A407b,10,20170610,Cool,No Heterotrophy,CN,13,20171129,3,0.61,Polyp,819.92,
A407,b,A407b,10,20170610,Cool,No Heterotrophy,CN,13,20171129,3,0.61,Connecting,352.77,
A407,b,A407b,10,20170610,Cool,No Heterotrophy,CN,13,20171129,3,0.61,Connecting,512.47,
A423,a,A423a,2,20170611,Cool,No Heterotrophy,CN,20,20171110,1,-0.25,Connecting,417.36,
A423,a,A423a,2,20170611,Cool,No Heterotrophy,CN,20,20171110,1,-0.25,Connecting,303.41,
A423,a,A423a,2,20170611,Cool,No Heterotrophy,CN,20,20171110,1,-0.25,Connecting,378.45,
A423,a,A423a,2,20170611,Cool,No Heterotrophy,CN,20,20171110,2,0.1,Polyp,888.51,
A423,a,A423a,2,20170611,Cool,No Heterotrophy,CN,20,20171110,2,0.1,Polyp,704.23,
A423,a,A423a,2,20170611,Cool,No Heterotrophy,CN,20,20171110,2,0.1,Connecting,520.51,
A423,a,A423a,2,20170611,Cool,No Heterotrophy,CN,20,20171110,2,0.1,Connecting,386.76,
A423,a,A423a,2,20170611,Cool,No Heterotrophy,CN,20,20171110,2,0.1,Connecting,215.76,
A423,b,A423b,4,20170611,Cool,No Heterotrophy,CN,20,20171110,1,0.47,Polyp,952.56,
A423,b,A423b,4,20170611,Cool,No Heterotrophy,CN,20,20171110,1,0.47,Connecting,522.64,
A423,b,A423b,4,20170611,Cool,No Heterotrophy,CN,20,20171110,1,0.47,Polyp,966.97,
A423,b,A423b,4,20170611,Cool,No Heterotrophy,CN,20,20171110,1,0.47,Connecting,335.35,
A423,b,A423b,4,20170611,Cool,No Heterotrophy,CN,20,20171110,1,0.47,Connecting,327.16,
A423,b,A423b,4,20170611,Cool,No Heterotrophy,CN,20,20171110,2,-0.13,Polyp,1053.74,
A423,b,A423b,4,20170611,Cool,No Heterotrophy,CN,20,20171110,2,-0.13,Polyp,965.03,
A423,b,A423b,4,20170611,Cool,No Heterotrophy,CN,20,20171110,2,-0.13,Connecting,456.49,
A423,b,A423b,4,20170611,Cool,No Heterotrophy,CN,20,20171110,2,-0.13,Connecting,397.82,
A423,b,A423b,4,20170611,Cool,No Heterotrophy,CN,20,20171110,2,-0.13,Connecting,412.95,
A423,b,A423b,4,20170611,Cool,No Heterotrophy,CN,20,20171110,3,-0.44,Polyp,476.58,
A423,b,A423b,4,20170611,Cool,No Heterotrophy,CN,20,20171110,3,-0.44,Connecting,356.12,
A423,b,A423b,4,20170611,Cool,No Heterotrophy,CN,20,20171110,3,-0.44,Connecting,305.24,
A423,b,A423b,4,20170611,Cool,No Heterotrophy,CN,20,20171110,3,-0.44,Connecting,416.16,
A424,a,A424a,5,20170611,Cool,No Heterotrophy,CN,20,20171212,1,-0.29,Connecting,401.91,
A424,a,A424a,5,20170611,Cool,No Heterotrophy,CN,20,20171212,1,-0.29,Connecting,391.25,
A424,a,A424a,5,20170611,Cool,No Heterotrophy,CN,20,20171212,1,-0.29,Connecting,360.67,
A424,a,A424a,5,20170611,Cool,No Heterotrophy,CN,20,20171212,2,-0.02,Polyp,723.59,
A424,a,A424a,5,20170611,Cool,No Heterotrophy,CN,20,20171212,2,-0.02,Connecting,493.21,
A424,a,A424a,5,20170611,Cool,No Heterotrophy,CN,20,20171212,2,-0.02,Connecting,218.5,
A424,a,A424a,5,20170611,Cool,No Heterotrophy,CN,20,20171212,3,0.41,Connecting,526.43,
A424,a,A424a,5,20170611,Cool,No Heterotrophy,CN,20,20171212,3,0.41,Connecting,419.23,
A424,a,A424a,5,20170611,Cool,No Heterotrophy,CN,20,20171212,3,0.41,Connecting,318.61,
A424,b,A424b,3,20170611,Cool,No Heterotrophy,CN,20,20171212,1,0.31,Polyp,789.96,
A424,b,A424b,3,20170611,Cool,No Heterotrophy,CN,20,20171212,1,0.31,Polyp,753.56,
A424,b,A424b,3,20170611,Cool,No Heterotrophy,CN,20,20171212,1,0.31,Connecting,378.13,
A424,b,A424b,3,20170611,Cool,No Heterotrophy,CN,20,20171212,1,0.31,Connecting,218.14,
A424,b,A424b,3,20170611,Cool,No Heterotrophy,CN,20,20171212,1,0.31,Connecting,332.92,
A424,b,A424b,3,20170611,Cool,No Heterotrophy,CN,20,20171212,2,-0.09,Polyp,566.7,
A424,b,A424b,3,20170611,Cool,No Heterotrophy,CN,20,20171212,2,-0.09,Polyp,734.21,
A424,b,A424b,3,20170611,Cool,No Heterotrophy,CN,20,20171212,2,-0.09,Connecting,202.99,
A424,b,A424b,3,20170611,Cool,No Heterotrophy,CN,20,20171212,2,-0.09,Connecting,249.22,
A424,b,A424b,3,20170611,Cool,No Heterotrophy,CN,20,20171212,2,-0.09,Connecting,349.16,
A424,c,A424c,3,20170611,Cool,No Heterotrophy,CN,20,20171212,1,0.11,Polyp,632.98,
A424,c,A424c,3,20170611,Cool,No Heterotrophy,CN,20,20171212,1,0.11,Polyp,366.5,
A424,c,A424c,3,20170611,Cool,No Heterotrophy,CN,20,20171212,1,0.11,Connecting,348.49,
A424,c,A424c,3,20170611,Cool,No Heterotrophy,CN,20,20171212,1,0.11,Connecting,476.44,
A424,c,A424c,3,20170611,Cool,No Heterotrophy,CN,20,20171212,1,0.11,Connecting,426.22,
A424,c,A424c,3,20170611,Cool,No Heterotrophy,CN,20,20171212,2,-0.36,Connecting,323.61,
A424,c,A424c,3,20170611,Cool,No Heterotrophy,CN,20,20171212,2,-0.36,Connecting,436.7,
A424,c,A424c,3,20170611,Cool,No Heterotrophy,CN,20,20171212,2,-0.36,Connecting,203.32,
A563,a,A563a,2,20170612,Cool,No Heterotrophy,CN,20,20171106,1,0.07,Polyp,931.66,
A563,a,A563a,2,20170612,Cool,No Heterotrophy,CN,20,20171106,1,0.07,Polyp,879.11,
A563,a,A563a,2,20170612,Cool,No Heterotrophy,CN,20,20171106,1,0.07,Connecting,279.5,
A563,a,A563a,2,20170612,Cool,No Heterotrophy,CN,20,20171106,2,0.32,Polyp,986.39,
A563,a,A563a,2,20170612,Cool,No Heterotrophy,CN,20,20171106,2,0.32,Polyp,883.54,
A563,a,A563a,2,20170612,Cool,No Heterotrophy,CN,20,20171106,2,0.32,Connecting,270.7,
A563,a,A563a,2,20170612,Cool,No Heterotrophy,CN,20,20171106,2,0.32,Connecting,215,
A563,b,A563b,1,20170612,Cool,No Heterotrophy,CN,20,20171106,1,0,Polyp,950.95,
A563,b,A563b,1,20170612,Cool,No Heterotrophy,CN,20,20171106,1,0,Polyp,598.94,
A563,b,A563b,1,20170612,Cool,No Heterotrophy,CN,20,20171106,1,0,Connecting,144.77,
A563,b,A563b,1,20170612,Cool,No Heterotrophy,CN,20,20171106,1,0,Connecting,371.96,
A563,b,A563b,1,20170612,Cool,No Heterotrophy,CN,20,20171106,1,0,Connecting,154,
A563,c,A563c,8,20170612,Cool,No Heterotrophy,CN,20,20171106,1,-0.29,Connecting,528.11,
A563,c,A563c,8,20170612,Cool,No Heterotrophy,CN,20,20171106,1,-0.29,Connecting,639.52,
A563,c,A563c,8,20170612,Cool,No Heterotrophy,CN,20,20171106,1,-0.29,Connecting,571.15,
A563,c,A563c,8,20170612,Cool,No Heterotrophy,CN,20,20171106,2,0.03,Polyp,880.38,
A563,c,A563c,8,20170612,Cool,No Heterotrophy,CN,20,20171106,2,0.03,Polyp,471.94,
A563,c,A563c,8,20170612,Cool,No Heterotrophy,CN,20,20171106,2,0.03,Connecting,643.76,
A563,c,A563c,8,20170612,Cool,No Heterotrophy,CN,20,20171106,2,0.03,Connecting,451.98,
A563,c,A563c,8,20170612,Cool,No Heterotrophy,CN,20,20171106,2,0.03,Connecting,509.77,
A563,c,A563c,8,20170612,Cool,No Heterotrophy,CN,20,20171106,3,0.4,Polyp,797.5,
A563,c,A563c,8,20170612,Cool,No Heterotrophy,CN,20,20171106,3,0.4,Polyp,555.6,
A563,c,A563c,8,20170612,Cool,No Heterotrophy,CN,20,20171106,3,0.4,Connecting,188.32,
A563,c,A563c,8,20170612,Cool,No Heterotrophy,CN,20,20171106,3,0.4,Connecting,175.24,
A563,c,A563c,8,20170612,Cool,No Heterotrophy,CN,20,20171106,3,0.4,Connecting,505.95,